-- phpMyAdmin SQL Dump
-- version 5.1.0
-- https://www.phpmyadmin.net/
--
-- Host: 127.0.0.1
-- Generation Time: Dec 29, 2021 at 07:44 AM
-- Server version: 10.4.18-MariaDB
-- PHP Version: 7.4.16

SET SQL_MODE = "NO_AUTO_VALUE_ON_ZERO";
START TRANSACTION;
SET time_zone = "+00:00";


/*!40101 SET @OLD_CHARACTER_SET_CLIENT=@@CHARACTER_SET_CLIENT */;
/*!40101 SET @OLD_CHARACTER_SET_RESULTS=@@CHARACTER_SET_RESULTS */;
/*!40101 SET @OLD_COLLATION_CONNECTION=@@COLLATION_CONNECTION */;
/*!40101 SET NAMES utf8mb4 */;

--
-- Database: `presensi_hamid`
--

-- --------------------------------------------------------

--
-- Table structure for table `guru_ref`
--

CREATE TABLE `guru_ref` (
  `kd_guru` varchar(20) NOT NULL,
  `nip` varchar(20) NOT NULL,
  `nama` varchar(40) NOT NULL
) ENGINE=InnoDB DEFAULT CHARSET=utf8mb4;

--
-- Dumping data for table `guru_ref`
--

INSERT INTO `guru_ref` (`kd_guru`, `nip`, `nama`) VALUES
('abd', '195508031997061002', 'ABDULRAHMAN, S.PD.I'),
('admin', 'admin123', 'admin'),
('alf', '198202091998042002', 'ALFIAH'),
('amr', '198212071996041006', 'KHOLID AMRULLAH, S.PD.I'),
('apr', '196907021996052001', 'APRIL SUSILO NINGRUM, S.PD.I'),
('fdh', '198101081997032001', 'NURIFADAH, LC'),
('frd', '198104141998042004', 'FARADIBAH, S.SI'),
('lhm', '196803101999051003', 'ILHAM AKBAR, LC.'),
('nen', '197109041998072003', 'NENI OKTARINI, S.PD'),
('nhl', '198205151999032005', 'NURHILALUDIN, S.PD.I'),
('nur', '197210051999022004', 'NURLAELA, S.PD.I'),
('shn', '196806011995041006', 'SUHAENI, S.PD.I'),
('slh', '197002121996021002', 'MUHAMMAD SHOLEH, LC'),
('smt', '196803101999051001', 'SUMANTIYO, SPD.'),
('snt', '197003131997031003', 'IMAM SANTOSO, LC'),
('spt', '197001111995012001', 'SUPARTI INDAYANI, S.PD'),
('umi', '198111061995032005', 'UMI LIHAYATI, SE');

-- --------------------------------------------------------

--
-- Table structure for table `level`
--

CREATE TABLE `level` (
  `id_level` varchar(5) NOT NULL,
  `nama_level` varchar(10) NOT NULL,
  `keterangan` varchar(50) NOT NULL
) ENGINE=InnoDB DEFAULT CHARSET=utf8mb4;

--
-- Dumping data for table `level`
--

INSERT INTO `level` (`id_level`, `nama_level`, `keterangan`) VALUES
('gp', 'guru penga', ''),
('sis', 'siswa', ''),
('su', 'super user', ''),
('wk', 'wali kelas', '');

-- --------------------------------------------------------

--
-- Table structure for table `mapel_guru`
--

CREATE TABLE `mapel_guru` (
  `id_mp_guru` smallint(6) NOT NULL,
  `tahun` year(4) NOT NULL,
  `kd_rombel` varchar(10) NOT NULL,
  `kd_mapel` varchar(10) NOT NULL,
  `kd_guru` varchar(20) NOT NULL
) ENGINE=InnoDB DEFAULT CHARSET=utf8mb4;

--
-- Dumping data for table `mapel_guru`
--

INSERT INTO `mapel_guru` (`id_mp_guru`, `tahun`, `kd_rombel`, `kd_mapel`, `kd_guru`) VALUES
(2, 2019, '7A', 'PKN', 'slh'),
(3, 2019, '7A', 'SNB', 'shn'),
(4, 2019, '7A', 'BIG', 'apr'),
(5, 2019, '7A', 'BHD', 'nen'),
(6, 2019, '7A', 'JAS', 'nur'),
(7, 2019, '7B', 'PAK', 'spt'),
(8, 2019, '7B', 'PKN', 'slh'),
(9, 2019, '7B', 'SNB', 'shn'),
(10, 2019, '7B', 'BIG', 'alf'),
(11, 2019, '7B', 'BHD', 'nen'),
(12, 2019, '7B', 'JAS', 'abd'),
(13, 2019, '7C', 'PAK', 'spt'),
(14, 2019, '7C', 'PKN', 'slh'),
(15, 2019, '7C', 'SNB', 'shn'),
(16, 2019, '7C', 'BIG', 'lhm'),
(17, 2019, '7C', 'BHD', 'nen'),
(18, 2019, '7C', 'JAS', 'nur'),
(19, 2019, '7D', 'PAK', 'spt'),
(20, 2019, '7D', 'PKN', 'slh'),
(21, 2019, '7D', 'SNB', 'shn'),
(22, 2019, '7D', 'BIG', 'apr'),
(23, 2019, '7D', 'BHD', 'nen'),
(24, 2019, '7D', 'JAS', 'abd'),
(25, 2019, '8A', 'PAK', 'amr'),
(26, 2019, '8A', 'BIN', 'snt'),
(27, 2019, '8A', 'IPS', 'shn'),
(28, 2019, '8A', 'BIG', 'alf'),
(29, 2019, '8A', 'PRA', 'umi'),
(30, 2019, '8A', 'JAS', 'nur'),
(31, 2019, '8B', 'PAK', 'amr'),
(32, 2019, '8B', 'BIN', 'smt'),
(33, 2019, '8B', 'IPS', 'shn'),
(34, 2019, '8B', 'BIG', 'lhm'),
(35, 2019, '8B', 'PRA', 'umi'),
(36, 2019, '8B', 'JAS', 'abd'),
(37, 2019, '8C', 'PAK', 'amr'),
(38, 2019, '8C', 'BIN', 'snt'),
(39, 2019, '8C', 'IPS', 'shn'),
(40, 2019, '8C', 'BIG', 'apr'),
(41, 2019, '8C', 'PRA', 'umi'),
(42, 2019, '8C', 'JAS', 'nur'),
(43, 2019, '8D', 'PAK', 'amr'),
(44, 2019, '8D', 'BIN', 'smt'),
(45, 2019, '8D', 'IPS', 'shn'),
(46, 2019, '8D', 'BIG', 'alf'),
(47, 2019, '8D', 'PRA', 'umi'),
(48, 2019, '8D', 'JAS', 'abd'),
(49, 2019, '9A', 'PAK', 'fdh'),
(50, 2019, '9A', 'BIN', 'snt'),
(51, 2019, '9A', 'MAT', 'nhl'),
(52, 2019, '9A', 'IPA', 'nhl'),
(53, 2019, '9A', 'BIG', 'apr'),
(54, 2019, '9A', 'PRA', 'frd'),
(55, 2019, '9B', 'PAK', 'fdh'),
(56, 2019, '9B', 'BIN', 'smt'),
(57, 2019, '9B', 'MAT', 'nhl'),
(58, 2019, '9B', 'IPA', 'nhl'),
(59, 2019, '9B', 'BIG', 'alf'),
(60, 2019, '9B', 'PRA', 'frd'),
(61, 2019, '9C', 'PAK', 'fdh'),
(62, 2019, '9C', 'BIN', 'snt'),
(63, 2019, '9C', 'MAT', 'nhl'),
(64, 2019, '9C', 'IPA', 'nhl'),
(65, 2019, '9C', 'BIG', 'lhm'),
(66, 2019, '9C', 'PRA', 'frd'),
(67, 2019, '9D', 'PAK', 'fdh'),
(68, 2019, '9D', 'BIN', 'smt'),
(69, 2019, '9D', 'MAT', 'nhl'),
(70, 2019, '9D', 'IPA', 'nhl'),
(71, 2019, '9D', 'BIG', 'apr'),
(72, 2019, '9D', 'PRA', 'frd'),
(73, 2020, '7A', 'PAK', 'nhl'),
(74, 2020, '7A', 'PKN', 'apr'),
(75, 2020, '7A', 'SNB', 'frd'),
(76, 2020, '7A', 'BIG', 'spt'),
(77, 2020, '7A', 'BHD', 'slh'),
(78, 2020, '7A', 'JAS', 'shn'),
(79, 2020, '7B', 'PAK', 'apr'),
(80, 2020, '7B', 'PKN', 'nen'),
(81, 2020, '7B', 'SNB', 'nur'),
(82, 2020, '7B', 'BIG', 'spt'),
(83, 2020, '7B', 'BHD', 'slh'),
(84, 2020, '7B', 'JAS', 'shn'),
(85, 2020, '7C', 'PAK', 'alf'),
(86, 2020, '7C', 'PKN', 'nen'),
(87, 2020, '7C', 'SNB', 'abd'),
(88, 2020, '7C', 'BIG', 'spt'),
(89, 2020, '7C', 'BHD', 'slh'),
(90, 2020, '7C', 'JAS', 'shn'),
(91, 2020, '7D', 'PAK', 'lhm'),
(92, 2020, '7D', 'PKN', 'nen'),
(93, 2020, '7D', 'SNB', 'nur'),
(94, 2020, '7D', 'BIG', 'spt'),
(95, 2020, '7D', 'BHD', 'slh'),
(96, 2020, '7D', 'JAS', 'shn'),
(97, 2020, '8A', 'PAK', 'apr'),
(98, 2020, '8A', 'BIN', 'nen'),
(99, 2020, '8A', 'IPS', 'abd'),
(100, 2020, '8A', 'BIG', 'amr'),
(101, 2020, '8A', 'PRA', 'snt'),
(102, 2020, '8A', 'JAS', 'shn'),
(103, 2020, '8B', 'PAK', 'alf'),
(104, 2020, '8B', 'BIN', 'umi'),
(105, 2020, '8B', 'IPS', 'nur'),
(106, 2020, '8B', 'BIG', 'amr'),
(107, 2020, '8B', 'PRA', 'smt'),
(108, 2020, '8B', 'JAS', 'shn'),
(109, 2020, '8C', 'PAK', 'lhm'),
(110, 2020, '8C', 'BIN', 'umi'),
(111, 2020, '8C', 'IPS', 'abd'),
(112, 2020, '8C', 'BIG', 'amr'),
(113, 2020, '8C', 'PRA', 'snt'),
(114, 2020, '8C', 'JAS', 'shn'),
(115, 2020, '8D', 'PAK', 'apr'),
(116, 2020, '8D', 'BIN', 'umi'),
(117, 2020, '8D', 'IPS', 'nur'),
(118, 2020, '8D', 'BIG', 'amr'),
(119, 2020, '8D', 'PRA', 'smt'),
(120, 2020, '8D', 'JAS', 'shn'),
(121, 2020, '9A', 'PAK', 'alf'),
(122, 2020, '9A', 'BIN', 'umi'),
(123, 2020, '9A', 'MAT', 'abd'),
(124, 2020, '9A', 'IPA', 'fdh'),
(125, 2020, '9A', 'BIG', 'snt'),
(126, 2020, '9A', 'PRA', 'nhl'),
(127, 2020, '9B', 'PAK', 'nhl'),
(128, 2020, '9B', 'BIN', 'apr'),
(129, 2020, '9B', 'MAT', 'frd'),
(130, 2020, '9B', 'IPA', 'fdh'),
(131, 2020, '9B', 'BIG', 'smt'),
(132, 2020, '9B', 'PRA', 'nhl'),
(133, 2020, '9C', 'PAK', 'nhl'),
(134, 2020, '9C', 'BIN', 'alf'),
(135, 2020, '9C', 'MAT', 'frd'),
(136, 2020, '9C', 'IPA', 'fdh'),
(137, 2020, '9C', 'BIG', 'snt'),
(138, 2020, '9C', 'PRA', 'nhl'),
(139, 2020, '9D', 'PAK', 'nhl'),
(140, 2020, '9D', 'BIN', 'lhm'),
(141, 2020, '9D', 'MAT', 'frd'),
(142, 2020, '9D', 'IPA', 'fdh'),
(143, 2020, '9D', 'BIG', 'smt'),
(144, 2020, '9D', 'PRA', 'nhl'),
(145, 2021, '7A', 'PAK', 'lhm'),
(146, 2021, '7A', 'PKN', 'frd'),
(147, 2021, '7A', 'SNB', 'fdh'),
(148, 2021, '7A', 'BIG', 'smt'),
(149, 2021, '7A', 'BHD', 'nhl'),
(150, 2021, '7A', 'JAS', 'nhl'),
(151, 2021, '7B', 'PAK', 'apr'),
(152, 2021, '7B', 'PKN', 'frd'),
(153, 2021, '7B', 'SNB', 'spt'),
(154, 2021, '7B', 'BIG', 'slh'),
(155, 2021, '7B', 'BHD', 'shn'),
(156, 2021, '7B', 'JAS', 'apr'),
(157, 2021, '7C', 'PAK', 'nen'),
(158, 2021, '7C', 'PKN', 'nur'),
(159, 2021, '7C', 'SNB', 'spt'),
(160, 2021, '7C', 'BIG', 'slh'),
(161, 2021, '7C', 'BHD', 'shn'),
(162, 2021, '7C', 'JAS', 'alf'),
(163, 2021, '7D', 'PAK', 'nen'),
(164, 2021, '7D', 'PKN', 'abd'),
(165, 2021, '7D', 'SNB', 'spt'),
(166, 2021, '7D', 'BIG', 'slh'),
(167, 2021, '7D', 'BHD', 'shn'),
(168, 2021, '7D', 'JAS', 'lhm'),
(169, 2021, '8A', 'PAK', 'nen'),
(170, 2021, '8A', 'BIN', 'nur'),
(171, 2021, '8A', 'IPS', 'spt'),
(172, 2021, '8A', 'BIG', 'slh'),
(173, 2021, '8A', 'PRA', 'shn'),
(174, 2021, '8A', 'JAS', 'apr'),
(175, 2021, '8B', 'PAK', 'nen'),
(176, 2021, '8B', 'BIN', 'abd'),
(177, 2021, '8B', 'IPS', 'amr'),
(178, 2021, '8B', 'BIG', 'snt'),
(179, 2021, '8B', 'PRA', 'shn'),
(180, 2021, '8B', 'JAS', 'alf'),
(181, 2021, '8C', 'PAK', 'umi'),
(182, 2021, '8C', 'BIN', 'nur'),
(183, 2021, '8C', 'IPS', 'amr'),
(184, 2021, '8C', 'BIG', 'smt'),
(185, 2021, '8C', 'PRA', 'shn'),
(186, 2021, '8C', 'JAS', 'lhm'),
(187, 2021, '8D', 'PAK', 'umi'),
(188, 2021, '8D', 'BIN', 'abd'),
(189, 2021, '8D', 'IPS', 'amr'),
(190, 2021, '8D', 'BIG', 'snt'),
(191, 2021, '8D', 'PRA', 'shn'),
(192, 2021, '8D', 'JAS', 'apr'),
(193, 2021, '9A', 'PAK', 'umi'),
(194, 2021, '9A', 'BIN', 'nur'),
(195, 2021, '9A', 'MAT', 'amr'),
(196, 2021, '9A', 'IPA', 'smt'),
(197, 2021, '9A', 'BIG', 'shn'),
(198, 2021, '9A', 'PRA', 'alf'),
(199, 2021, '9B', 'PAK', 'umi'),
(200, 2021, '9B', 'BIN', 'abd'),
(201, 2021, '9B', 'MAT', 'fdh'),
(202, 2021, '9B', 'IPA', 'snt'),
(203, 2021, '9B', 'BIG', 'nhl'),
(204, 2021, '9B', 'PRA', 'nhl'),
(205, 2021, '9C', 'PAK', 'apr'),
(206, 2021, '9C', 'BIN', 'frd'),
(207, 2021, '9C', 'MAT', 'fdh'),
(208, 2021, '9C', 'IPA', 'smt'),
(209, 2021, '9C', 'BIG', 'nhl'),
(210, 2021, '9C', 'PRA', 'nhl'),
(211, 2021, '9D', 'PAK', 'alf'),
(212, 2021, '9D', 'BIN', 'frd'),
(213, 2021, '9D', 'MAT', 'fdh'),
(214, 2021, '9D', 'IPA', 'snt'),
(215, 2021, '9D', 'BIG', 'nhl'),
(216, 2021, '9D', 'PRA', 'nhl');

-- --------------------------------------------------------

--
-- Table structure for table `mapel_ref`
--

CREATE TABLE `mapel_ref` (
  `kd_mapel` varchar(5) NOT NULL,
  `nama_mapel` varchar(50) NOT NULL
) ENGINE=InnoDB DEFAULT CHARSET=utf8mb4;

--
-- Dumping data for table `mapel_ref`
--

INSERT INTO `mapel_ref` (`kd_mapel`, `nama_mapel`) VALUES
('BHD', 'Bahasa Daerah'),
('BIG', 'Bahasa Inggris'),
('BIN', 'Bahasa Indonesia'),
('IPA', 'Ilmu Pengetahuan Alam'),
('IPS', 'Ilmu Pengetahuan Sosial'),
('JAS', 'Pendidikan Jasmani, Olahraga dan Kesehatan'),
('MAT', 'Matematika'),
('PAK', 'Pendidikan Agama dan Budi Pekerti'),
('PKN', 'Pendidikan Pancasila dan Kewarganegaraan'),
('PRA', 'Prakarya'),
('SNB', 'Seni Budaya');

-- --------------------------------------------------------

--
-- Table structure for table `presensi`
--

CREATE TABLE `presensi` (
  `id` int(11) NOT NULL,
  `tanggal` date NOT NULL,
  `waktu` time NOT NULL,
  `nis` varchar(10) NOT NULL,
  `kd_pres` varchar(5) NOT NULL,
  `id_mp_guru` smallint(6) NOT NULL
) ENGINE=InnoDB DEFAULT CHARSET=utf8mb4;

--
-- Dumping data for table `presensi`
--

INSERT INTO `presensi` (`id`, `tanggal`, `waktu`, `nis`, `kd_pres`, `id_mp_guru`) VALUES
(889, '2021-12-28', '17:16:59', '2021.040', 'h', 153),
(890, '2021-12-28', '17:16:59', '2021.041', 'h', 153),
(891, '2021-12-28', '17:16:59', '2021.072', 'h', 153),
(892, '2021-12-28', '17:16:59', '2021.042', 'h', 153),
(893, '2021-12-28', '17:16:59', '2021.043', 'h', 153),
(894, '2021-12-28', '17:16:59', '2021.044', 'h', 153),
(895, '2021-12-28', '17:16:59', '2021.045', 'h', 153),
(896, '2021-12-28', '17:16:59', '2021.046', 'h', 153),
(897, '2021-12-28', '17:16:59', '2021.047', 'h', 153),
(898, '2021-12-28', '17:16:59', '2021.048', 'h', 153),
(899, '2021-12-28', '17:16:59', '2021.049', 'h', 153),
(900, '2021-12-28', '17:16:59', '2021.050', 'h', 153),
(901, '2021-12-28', '17:16:59', '2021.051', 'h', 153),
(902, '2021-12-28', '17:16:59', '2021.052', 'h', 153),
(903, '2021-12-28', '17:16:59', '2021.053', 'h', 153),
(904, '2021-12-28', '17:16:59', '2021.054', 'h', 153),
(905, '2021-12-28', '17:16:59', '2021.055', 'h', 153),
(906, '2021-12-28', '17:16:59', '2021.056', 'h', 153),
(907, '2021-12-28', '17:16:59', '2021.057', 'h', 153),
(908, '2021-12-28', '17:16:59', '2021.058', 'h', 153),
(909, '2021-12-28', '17:16:59', '2021.059', 'h', 153),
(910, '2021-12-28', '17:16:59', '2021.060', 'h', 153),
(911, '2021-12-28', '17:16:59', '2021.061', 'h', 153),
(912, '2021-12-28', '17:16:59', '2021.062', 'h', 153),
(913, '2021-12-28', '17:16:59', '2021.063', 'h', 153),
(914, '2021-12-28', '17:16:59', '2021.064', 'h', 153),
(915, '2021-12-28', '17:16:59', '2021.065', 'h', 153),
(916, '2021-12-28', '17:16:59', '2021.066', 'h', 153),
(917, '2021-12-28', '17:16:59', '2021.067', 'h', 153),
(918, '2021-12-28', '17:16:59', '2021.068', 'h', 153),
(919, '2021-12-28', '17:16:59', '2021.069', 'h', 153),
(920, '2021-12-28', '17:16:59', '2021.070', 'h', 153),
(921, '2021-12-28', '17:16:59', '2021.037', 'h', 153),
(922, '2021-12-28', '17:16:59', '2021.071', 'h', 153),
(923, '2021-12-28', '17:16:59', '2021.038', 'h', 153),
(924, '2021-12-28', '17:16:59', '2021.039', 'h', 153),
(925, '2021-12-29', '08:03:37', '2021.040', 'h', 153),
(926, '2021-12-29', '08:03:37', '2021.041', 'h', 153),
(927, '2021-12-29', '08:03:37', '2021.072', 'h', 153),
(928, '2021-12-29', '08:03:37', '2021.042', 'h', 153),
(929, '2021-12-29', '08:03:37', '2021.043', 'h', 153),
(930, '2021-12-29', '08:03:37', '2021.044', 'h', 153),
(931, '2021-12-29', '08:03:37', '2021.045', 'h', 153),
(932, '2021-12-29', '08:03:37', '2021.046', 'h', 153),
(933, '2021-12-29', '08:03:37', '2021.047', 'h', 153),
(934, '2021-12-29', '08:03:37', '2021.048', 'h', 153),
(935, '2021-12-29', '08:03:37', '2021.049', 'h', 153),
(936, '2021-12-29', '08:03:37', '2021.050', 'h', 153),
(937, '2021-12-29', '08:03:37', '2021.051', 'h', 153),
(938, '2021-12-29', '08:03:37', '2021.052', 'h', 153),
(939, '2021-12-29', '08:03:37', '2021.053', 'h', 153),
(940, '2021-12-29', '08:03:37', '2021.054', 'h', 153),
(941, '2021-12-29', '08:03:37', '2021.055', 'h', 153),
(942, '2021-12-29', '08:03:37', '2021.056', 'h', 153),
(943, '2021-12-29', '08:03:37', '2021.057', 'h', 153),
(944, '2021-12-29', '08:03:37', '2021.058', 'h', 153),
(945, '2021-12-29', '08:03:37', '2021.059', 'h', 153),
(946, '2021-12-29', '08:03:37', '2021.060', 'h', 153),
(947, '2021-12-29', '08:03:37', '2021.061', 'h', 153),
(948, '2021-12-29', '08:03:37', '2021.062', 'h', 153),
(949, '2021-12-29', '08:03:37', '2021.063', 'h', 153),
(950, '2021-12-29', '08:03:37', '2021.064', 'h', 153),
(951, '2021-12-29', '08:03:37', '2021.065', 'h', 153),
(952, '2021-12-29', '08:03:37', '2021.066', 'h', 153),
(953, '2021-12-29', '08:03:37', '2021.067', 'h', 153),
(954, '2021-12-29', '08:03:37', '2021.068', 'h', 153),
(955, '2021-12-29', '08:03:37', '2021.069', 'h', 153),
(956, '2021-12-29', '08:03:37', '2021.070', 'h', 153),
(957, '2021-12-29', '08:03:37', '2021.037', 'h', 153),
(958, '2021-12-29', '08:03:37', '2021.071', 'h', 153),
(959, '2021-12-29', '08:03:37', '2021.038', 'h', 153),
(960, '2021-12-29', '08:03:37', '2021.039', 'h', 153);

-- --------------------------------------------------------

--
-- Table structure for table `presensi_ref`
--

CREATE TABLE `presensi_ref` (
  `kd_pres` varchar(5) NOT NULL,
  `keterangan` varchar(10) NOT NULL,
  `deskripsi` varchar(50) NOT NULL,
  `prioritas` tinyint(1) NOT NULL
) ENGINE=InnoDB DEFAULT CHARSET=utf8mb4;

--
-- Dumping data for table `presensi_ref`
--

INSERT INTO `presensi_ref` (`kd_pres`, `keterangan`, `deskripsi`, `prioritas`) VALUES
('a', 'Alpha', 'Tanpa keterangan', 0),
('d1', 'Dispen-1', 'Dispensasi Sekolah', 0),
('d2', 'Dispen-2', 'Dispensasi Luar Sekolah', 0),
('h', 'Hadir', 'Hadir', 1),
('i', 'Izin', 'Izin per surat', 0),
('s', 'Sakit', 'Sakit dengan keterangan', 0);

-- --------------------------------------------------------

--
-- Table structure for table `rombel_ref`
--

CREATE TABLE `rombel_ref` (
  `kd_rombel` varchar(10) NOT NULL,
  `nama_rombel` varchar(30) NOT NULL,
  `tingkat` varchar(5) NOT NULL
) ENGINE=InnoDB DEFAULT CHARSET=utf8mb4;

--
-- Dumping data for table `rombel_ref`
--

INSERT INTO `rombel_ref` (`kd_rombel`, `nama_rombel`, `tingkat`) VALUES
('7A', 'VII.A', 'VII'),
('7B', 'VII.B', 'VII'),
('7C', 'VII.C', 'VII'),
('7D', 'VII.D', 'VII'),
('8A', 'VIII.A', 'VIII'),
('8B', 'VIII.B', 'VIII'),
('8C', 'VIII.C', 'VIII'),
('8D', 'VIII.D', 'VIII'),
('9A', 'IX.A', 'IX'),
('9B', 'IX.B', 'IX'),
('9C', 'IX.C', 'IX'),
('9D', 'IX.D', 'IX');

-- --------------------------------------------------------

--
-- Table structure for table `rombel_siswa`
--

CREATE TABLE `rombel_siswa` (
  `id_rom_sis` int(11) NOT NULL,
  `tahun` year(4) NOT NULL,
  `kd_rombel` varchar(10) NOT NULL,
  `nis` varchar(10) NOT NULL
) ENGINE=InnoDB DEFAULT CHARSET=utf8mb4;

--
-- Dumping data for table `rombel_siswa`
--

INSERT INTO `rombel_siswa` (`id_rom_sis`, `tahun`, `kd_rombel`, `nis`) VALUES
(1, 2019, '9A', '2017.001'),
(2, 2019, '9A', '2017.002'),
(3, 2019, '9A', '2017.003'),
(4, 2019, '9A', '2017.004'),
(5, 2019, '9A', '2017.005'),
(6, 2019, '9A', '2017.006'),
(7, 2019, '9A', '2017.007'),
(8, 2019, '9A', '2017.008'),
(9, 2019, '9A', '2017.009'),
(10, 2019, '9A', '2017.010'),
(11, 2019, '9A', '2017.011'),
(12, 2019, '9A', '2017.012'),
(13, 2019, '9A', '2017.013'),
(14, 2019, '9A', '2017.014'),
(15, 2019, '9A', '2017.015'),
(16, 2019, '9A', '2017.016'),
(17, 2019, '9A', '2017.017'),
(18, 2019, '9A', '2017.018'),
(19, 2019, '9A', '2017.019'),
(20, 2019, '9A', '2017.020'),
(21, 2019, '9A', '2017.021'),
(22, 2019, '9A', '2017.022'),
(23, 2019, '9A', '2017.023'),
(24, 2019, '9A', '2017.024'),
(25, 2019, '9A', '2017.025'),
(26, 2019, '9A', '2017.026'),
(27, 2019, '9A', '2017.027'),
(28, 2019, '9A', '2017.028'),
(29, 2019, '9A', '2017.029'),
(30, 2019, '9A', '2017.030'),
(31, 2019, '9A', '2017.031'),
(32, 2019, '9A', '2017.032'),
(33, 2019, '9A', '2017.033'),
(34, 2019, '9A', '2017.034'),
(35, 2019, '9A', '2017.035'),
(36, 2019, '9A', '2017.036'),
(37, 2019, '9B', '2017.037'),
(38, 2019, '9B', '2017.038'),
(39, 2019, '9B', '2017.039'),
(40, 2019, '9B', '2017.040'),
(41, 2019, '9B', '2017.041'),
(42, 2019, '9B', '2017.042'),
(43, 2019, '9B', '2017.043'),
(44, 2019, '9B', '2017.044'),
(45, 2019, '9B', '2017.045'),
(46, 2019, '9B', '2017.046'),
(47, 2019, '9B', '2017.047'),
(48, 2019, '9B', '2017.048'),
(49, 2019, '9B', '2017.049'),
(50, 2019, '9B', '2017.050'),
(51, 2019, '9B', '2017.051'),
(52, 2019, '9B', '2017.052'),
(53, 2019, '9B', '2017.053'),
(54, 2019, '9B', '2017.054'),
(55, 2019, '9B', '2017.055'),
(56, 2019, '9B', '2017.056'),
(57, 2019, '9B', '2017.057'),
(58, 2019, '9B', '2017.058'),
(59, 2019, '9B', '2017.059'),
(60, 2019, '9B', '2017.060'),
(61, 2019, '9B', '2017.061'),
(62, 2019, '9B', '2017.062'),
(63, 2019, '9B', '2017.063'),
(64, 2019, '9B', '2017.064'),
(65, 2019, '9B', '2017.065'),
(66, 2019, '9B', '2017.066'),
(67, 2019, '9B', '2017.067'),
(68, 2019, '9B', '2017.068'),
(69, 2019, '9B', '2017.069'),
(70, 2019, '9B', '2017.070'),
(71, 2019, '9B', '2017.071'),
(72, 2019, '9B', '2017.072'),
(73, 2019, '9C', '2017.073'),
(74, 2019, '9C', '2017.074'),
(75, 2019, '9C', '2017.075'),
(76, 2019, '9C', '2017.076'),
(77, 2019, '9C', '2017.077'),
(78, 2019, '9C', '2017.078'),
(79, 2019, '9C', '2017.079'),
(80, 2019, '9C', '2017.080'),
(81, 2019, '9C', '2017.081'),
(82, 2019, '9C', '2017.082'),
(83, 2019, '9C', '2017.083'),
(84, 2019, '9C', '2017.084'),
(85, 2019, '9C', '2017.085'),
(86, 2019, '9C', '2017.086'),
(87, 2019, '9C', '2017.087'),
(88, 2019, '9C', '2017.088'),
(89, 2019, '9C', '2017.089'),
(90, 2019, '9C', '2017.090'),
(91, 2019, '9C', '2017.091'),
(92, 2019, '9C', '2017.092'),
(93, 2019, '9C', '2017.093'),
(94, 2019, '9C', '2017.094'),
(95, 2019, '9C', '2017.095'),
(96, 2019, '9C', '2017.096'),
(97, 2019, '9C', '2017.097'),
(98, 2019, '9C', '2017.098'),
(99, 2019, '9C', '2017.099'),
(100, 2019, '9C', '2017.100'),
(101, 2019, '9C', '2017.101'),
(102, 2019, '9C', '2017.102'),
(103, 2019, '9C', '2017.103'),
(104, 2019, '9C', '2017.104'),
(105, 2019, '9C', '2017.105'),
(106, 2019, '9C', '2017.106'),
(107, 2019, '9C', '2017.107'),
(108, 2019, '9C', '2017.108'),
(109, 2019, '9D', '2017.109'),
(110, 2019, '9D', '2017.110'),
(111, 2019, '9D', '2017.111'),
(112, 2019, '9D', '2017.112'),
(113, 2019, '9D', '2017.113'),
(114, 2019, '9D', '2017.114'),
(115, 2019, '9D', '2017.115'),
(116, 2019, '9D', '2017.116'),
(117, 2019, '9D', '2017.117'),
(118, 2019, '9D', '2017.118'),
(119, 2019, '9D', '2017.119'),
(120, 2019, '9D', '2017.120'),
(121, 2019, '9D', '2017.121'),
(122, 2019, '9D', '2017.122'),
(123, 2019, '9D', '2017.123'),
(124, 2019, '9D', '2017.124'),
(125, 2019, '9D', '2017.125'),
(126, 2019, '9D', '2017.126'),
(127, 2019, '9D', '2017.127'),
(128, 2019, '9D', '2017.128'),
(129, 2019, '9D', '2017.129'),
(130, 2019, '9D', '2017.130'),
(131, 2019, '9D', '2017.131'),
(132, 2019, '9D', '2017.132'),
(133, 2019, '9D', '2017.133'),
(134, 2019, '9D', '2017.134'),
(135, 2019, '9D', '2017.135'),
(136, 2019, '9D', '2017.136'),
(137, 2019, '9D', '2017.137'),
(138, 2019, '9D', '2017.138'),
(139, 2019, '9D', '2017.139'),
(140, 2019, '9D', '2017.140'),
(141, 2019, '9D', '2017.141'),
(142, 2019, '9D', '2017.142'),
(143, 2019, '9D', '2017.143'),
(144, 2019, '9D', '2017.144'),
(145, 2019, '8A', '2018.001'),
(146, 2019, '8A', '2018.002'),
(147, 2019, '8A', '2018.003'),
(148, 2019, '8A', '2018.004'),
(149, 2019, '8A', '2018.005'),
(150, 2019, '8A', '2018.006'),
(151, 2019, '8A', '2018.007'),
(152, 2019, '8A', '2018.008'),
(153, 2019, '8A', '2018.009'),
(154, 2019, '8A', '2018.010'),
(155, 2019, '8A', '2018.011'),
(156, 2019, '8A', '2018.012'),
(157, 2019, '8A', '2018.013'),
(158, 2019, '8A', '2018.014'),
(159, 2019, '8A', '2018.015'),
(160, 2019, '8A', '2018.016'),
(161, 2019, '8A', '2018.017'),
(162, 2019, '8A', '2018.018'),
(163, 2019, '8A', '2018.019'),
(164, 2019, '8A', '2018.020'),
(165, 2019, '8A', '2018.021'),
(166, 2019, '8A', '2018.022'),
(167, 2019, '8A', '2018.023'),
(168, 2019, '8A', '2018.024'),
(169, 2019, '8A', '2018.025'),
(170, 2019, '8A', '2018.026'),
(171, 2019, '8A', '2018.027'),
(172, 2019, '8A', '2018.028'),
(173, 2019, '8A', '2018.029'),
(174, 2019, '8A', '2018.030'),
(175, 2019, '8A', '2018.031'),
(176, 2019, '8A', '2018.032'),
(177, 2019, '8A', '2018.033'),
(178, 2019, '8A', '2018.034'),
(179, 2019, '8A', '2018.035'),
(180, 2019, '8A', '2018.036'),
(181, 2019, '8B', '2018.037'),
(182, 2019, '8B', '2018.038'),
(183, 2019, '8B', '2018.039'),
(184, 2019, '8B', '2018.040'),
(185, 2019, '8B', '2018.041'),
(186, 2019, '8B', '2018.042'),
(187, 2019, '8B', '2018.043'),
(188, 2019, '8B', '2018.044'),
(189, 2019, '8B', '2018.045'),
(190, 2019, '8B', '2018.046'),
(191, 2019, '8B', '2018.047'),
(192, 2019, '8B', '2018.048'),
(193, 2019, '8B', '2018.049'),
(194, 2019, '8B', '2018.050'),
(195, 2019, '8B', '2018.051'),
(196, 2019, '8B', '2018.052'),
(197, 2019, '8B', '2018.053'),
(198, 2019, '8B', '2018.054'),
(199, 2019, '8B', '2018.055'),
(200, 2019, '8B', '2018.056'),
(201, 2019, '8B', '2018.057'),
(202, 2019, '8B', '2018.058'),
(203, 2019, '8B', '2018.059'),
(204, 2019, '8B', '2018.060'),
(205, 2019, '8B', '2018.061'),
(206, 2019, '8B', '2018.062'),
(207, 2019, '8B', '2018.063'),
(208, 2019, '8B', '2018.064'),
(209, 2019, '8B', '2018.065'),
(210, 2019, '8B', '2018.066'),
(211, 2019, '8B', '2018.067'),
(212, 2019, '8B', '2018.068'),
(213, 2019, '8B', '2018.069'),
(214, 2019, '8B', '2018.070'),
(215, 2019, '8B', '2018.071'),
(216, 2019, '8B', '2018.072'),
(217, 2019, '8C', '2018.073'),
(218, 2019, '8C', '2018.074'),
(219, 2019, '8C', '2018.075'),
(220, 2019, '8C', '2018.076'),
(221, 2019, '8C', '2018.077'),
(222, 2019, '8C', '2018.078'),
(223, 2019, '8C', '2018.079'),
(224, 2019, '8C', '2018.080'),
(225, 2019, '8C', '2018.081'),
(226, 2019, '8C', '2018.082'),
(227, 2019, '8C', '2018.083'),
(228, 2019, '8C', '2018.084'),
(229, 2019, '8C', '2018.085'),
(230, 2019, '8C', '2018.086'),
(231, 2019, '8C', '2018.087'),
(232, 2019, '8C', '2018.088'),
(233, 2019, '8C', '2018.089'),
(234, 2019, '8C', '2018.090'),
(235, 2019, '8C', '2018.091'),
(236, 2019, '8C', '2018.092'),
(237, 2019, '8C', '2018.093'),
(238, 2019, '8C', '2018.094'),
(239, 2019, '8C', '2018.095'),
(240, 2019, '8C', '2018.096'),
(241, 2019, '8C', '2018.097'),
(242, 2019, '8C', '2018.098'),
(243, 2019, '8C', '2018.099'),
(244, 2019, '8C', '2018.100'),
(245, 2019, '8C', '2018.101'),
(246, 2019, '8C', '2018.102'),
(247, 2019, '8C', '2018.103'),
(248, 2019, '8C', '2018.104'),
(249, 2019, '8C', '2018.105'),
(250, 2019, '8C', '2018.106'),
(251, 2019, '8C', '2018.107'),
(252, 2019, '8C', '2018.108'),
(253, 2019, '8D', '2018.109'),
(254, 2019, '8D', '2018.110'),
(255, 2019, '8D', '2018.111'),
(256, 2019, '8D', '2018.112'),
(257, 2019, '8D', '2018.113'),
(258, 2019, '8D', '2018.114'),
(259, 2019, '8D', '2018.115'),
(260, 2019, '8D', '2018.116'),
(261, 2019, '8D', '2018.117'),
(262, 2019, '8D', '2018.118'),
(263, 2019, '8D', '2018.119'),
(264, 2019, '8D', '2018.120'),
(265, 2019, '8D', '2018.121'),
(266, 2019, '8D', '2018.122'),
(267, 2019, '8D', '2018.123'),
(268, 2019, '8D', '2018.124'),
(269, 2019, '8D', '2018.125'),
(270, 2019, '8D', '2018.126'),
(271, 2019, '8D', '2018.127'),
(272, 2019, '8D', '2018.128'),
(273, 2019, '8D', '2018.129'),
(274, 2019, '8D', '2018.130'),
(275, 2019, '8D', '2018.131'),
(276, 2019, '8D', '2018.132'),
(277, 2019, '8D', '2018.133'),
(278, 2019, '8D', '2018.134'),
(279, 2019, '8D', '2018.135'),
(280, 2019, '8D', '2018.136'),
(281, 2019, '8D', '2018.137'),
(282, 2019, '8D', '2018.138'),
(283, 2019, '8D', '2018.139'),
(284, 2019, '8D', '2018.140'),
(285, 2019, '8D', '2018.141'),
(286, 2019, '8D', '2018.142'),
(287, 2019, '8D', '2018.143'),
(288, 2019, '8D', '2018.144'),
(289, 2019, '7A', '2019.001'),
(290, 2019, '7A', '2019.002'),
(291, 2019, '7A', '2019.003'),
(292, 2019, '7A', '2019.004'),
(293, 2019, '7A', '2019.005'),
(294, 2019, '7A', '2019.006'),
(295, 2019, '7A', '2019.007'),
(296, 2019, '7A', '2019.008'),
(297, 2019, '7A', '2019.009'),
(298, 2019, '7A', '2019.010'),
(299, 2019, '7A', '2019.011'),
(300, 2019, '7A', '2019.012'),
(301, 2019, '7A', '2019.013'),
(302, 2019, '7A', '2019.014'),
(303, 2019, '7A', '2019.015'),
(304, 2019, '7A', '2019.016'),
(305, 2019, '7A', '2019.017'),
(306, 2019, '7A', '2019.018'),
(307, 2019, '7A', '2019.019'),
(308, 2019, '7A', '2019.020'),
(309, 2019, '7A', '2019.021'),
(310, 2019, '7A', '2019.022'),
(311, 2019, '7A', '2019.023'),
(312, 2019, '7A', '2019.024'),
(313, 2019, '7A', '2019.025'),
(314, 2019, '7A', '2019.026'),
(315, 2019, '7A', '2019.027'),
(316, 2019, '7A', '2019.028'),
(317, 2019, '7A', '2019.029'),
(318, 2019, '7A', '2019.030'),
(319, 2019, '7A', '2019.031'),
(320, 2019, '7A', '2019.032'),
(321, 2019, '7A', '2019.033'),
(322, 2019, '7A', '2019.034'),
(323, 2019, '7A', '2019.035'),
(324, 2019, '7A', '2019.036'),
(325, 2019, '7B', '2019.037'),
(326, 2019, '7B', '2019.038'),
(327, 2019, '7B', '2019.039'),
(328, 2019, '7B', '2019.040'),
(329, 2019, '7B', '2019.041'),
(330, 2019, '7B', '2019.042'),
(331, 2019, '7B', '2019.043'),
(332, 2019, '7B', '2019.044'),
(333, 2019, '7B', '2019.045'),
(334, 2019, '7B', '2019.046'),
(335, 2019, '7B', '2019.047'),
(336, 2019, '7B', '2019.048'),
(337, 2019, '7B', '2019.049'),
(338, 2019, '7B', '2019.050'),
(339, 2019, '7B', '2019.051'),
(340, 2019, '7B', '2019.052'),
(341, 2019, '7B', '2019.053'),
(342, 2019, '7B', '2019.054'),
(343, 2019, '7B', '2019.055'),
(344, 2019, '7B', '2019.056'),
(345, 2019, '7B', '2019.057'),
(346, 2019, '7B', '2019.058'),
(347, 2019, '7B', '2019.059'),
(348, 2019, '7B', '2019.060'),
(349, 2019, '7B', '2019.061'),
(350, 2019, '7B', '2019.062'),
(351, 2019, '7B', '2019.063'),
(352, 2019, '7B', '2019.064'),
(353, 2019, '7B', '2019.065'),
(354, 2019, '7B', '2019.066'),
(355, 2019, '7B', '2019.067'),
(356, 2019, '7B', '2019.068'),
(357, 2019, '7B', '2019.069'),
(358, 2019, '7B', '2019.070'),
(359, 2019, '7B', '2019.071'),
(360, 2019, '7B', '2019.072'),
(361, 2019, '7C', '2019.073'),
(362, 2019, '7C', '2019.074'),
(363, 2019, '7C', '2019.075'),
(364, 2019, '7C', '2019.076'),
(365, 2019, '7C', '2019.077'),
(366, 2019, '7C', '2019.078'),
(367, 2019, '7C', '2019.079'),
(368, 2019, '7C', '2019.080'),
(369, 2019, '7C', '2019.081'),
(370, 2019, '7C', '2019.082'),
(371, 2019, '7C', '2019.083'),
(372, 2019, '7C', '2019.084'),
(373, 2019, '7C', '2019.085'),
(374, 2019, '7C', '2019.086'),
(375, 2019, '7C', '2019.087'),
(376, 2019, '7C', '2019.088'),
(377, 2019, '7C', '2019.089'),
(378, 2019, '7C', '2019.090'),
(379, 2019, '7C', '2019.091'),
(380, 2019, '7C', '2019.092'),
(381, 2019, '7C', '2019.093'),
(382, 2019, '7C', '2019.094'),
(383, 2019, '7C', '2019.095'),
(384, 2019, '7C', '2019.096'),
(385, 2019, '7C', '2019.097'),
(386, 2019, '7C', '2019.098'),
(387, 2019, '7C', '2019.099'),
(388, 2019, '7C', '2019.100'),
(389, 2019, '7C', '2019.101'),
(390, 2019, '7C', '2019.102'),
(391, 2019, '7C', '2019.103'),
(392, 2019, '7C', '2019.104'),
(393, 2019, '7C', '2019.105'),
(394, 2019, '7C', '2019.106'),
(395, 2019, '7C', '2019.107'),
(396, 2019, '7C', '2019.108'),
(397, 2019, '7D', '2019.109'),
(398, 2019, '7D', '2019.110'),
(399, 2019, '7D', '2019.111'),
(400, 2019, '7D', '2019.112'),
(401, 2019, '7D', '2019.113'),
(402, 2019, '7D', '2019.114'),
(403, 2019, '7D', '2019.115'),
(404, 2019, '7D', '2019.116'),
(405, 2019, '7D', '2019.117'),
(406, 2019, '7D', '2019.118'),
(407, 2019, '7D', '2019.119'),
(408, 2019, '7D', '2019.120'),
(409, 2019, '7D', '2019.121'),
(410, 2019, '7D', '2019.122'),
(411, 2019, '7D', '2019.123'),
(412, 2019, '7D', '2019.124'),
(413, 2019, '7D', '2019.125'),
(414, 2019, '7D', '2019.126'),
(415, 2019, '7D', '2019.127'),
(416, 2019, '7D', '2019.128'),
(417, 2019, '7D', '2019.129'),
(418, 2019, '7D', '2019.130'),
(419, 2019, '7D', '2019.131'),
(420, 2019, '7D', '2019.132'),
(421, 2019, '7D', '2019.133'),
(422, 2019, '7D', '2019.134'),
(423, 2019, '7D', '2019.135'),
(424, 2019, '7D', '2019.136'),
(425, 2019, '7D', '2019.137'),
(426, 2019, '7D', '2019.138'),
(427, 2019, '7D', '2019.139'),
(428, 2019, '7D', '2019.140'),
(429, 2019, '7D', '2019.141'),
(430, 2019, '7D', '2019.142'),
(431, 2019, '7D', '2019.143'),
(432, 2019, '7D', '2019.144'),
(433, 2020, '9A', '2018.001'),
(434, 2020, '9A', '2018.002'),
(435, 2020, '9A', '2018.003'),
(436, 2020, '9A', '2018.004'),
(437, 2020, '9A', '2018.005'),
(438, 2020, '9A', '2018.006'),
(439, 2020, '9A', '2018.007'),
(440, 2020, '9A', '2018.008'),
(441, 2020, '9A', '2018.009'),
(442, 2020, '9A', '2018.010'),
(443, 2020, '9A', '2018.011'),
(444, 2020, '9A', '2018.012'),
(445, 2020, '9A', '2018.013'),
(446, 2020, '9A', '2018.014'),
(447, 2020, '9A', '2018.015'),
(448, 2020, '9A', '2018.016'),
(449, 2020, '9A', '2018.017'),
(450, 2020, '9A', '2018.018'),
(451, 2020, '9A', '2018.019'),
(452, 2020, '9A', '2018.020'),
(453, 2020, '9A', '2018.021'),
(454, 2020, '9A', '2018.022'),
(455, 2020, '9A', '2018.023'),
(456, 2020, '9A', '2018.024'),
(457, 2020, '9A', '2018.025'),
(458, 2020, '9A', '2018.026'),
(459, 2020, '9A', '2018.027'),
(460, 2020, '9A', '2018.028'),
(461, 2020, '9A', '2018.029'),
(462, 2020, '9A', '2018.030'),
(463, 2020, '9A', '2018.031'),
(464, 2020, '9A', '2018.032'),
(465, 2020, '9A', '2018.033'),
(466, 2020, '9A', '2018.034'),
(467, 2020, '9A', '2018.035'),
(468, 2020, '9A', '2018.036'),
(469, 2020, '9B', '2018.037'),
(470, 2020, '9B', '2018.038'),
(471, 2020, '9B', '2018.039'),
(472, 2020, '9B', '2018.040'),
(473, 2020, '9B', '2018.041'),
(474, 2020, '9B', '2018.042'),
(475, 2020, '9B', '2018.043'),
(476, 2020, '9B', '2018.044'),
(477, 2020, '9B', '2018.045'),
(478, 2020, '9B', '2018.046'),
(479, 2020, '9B', '2018.047'),
(480, 2020, '9B', '2018.048'),
(481, 2020, '9B', '2018.049'),
(482, 2020, '9B', '2018.050'),
(483, 2020, '9B', '2018.051'),
(484, 2020, '9B', '2018.052'),
(485, 2020, '9B', '2018.053'),
(486, 2020, '9B', '2018.054'),
(487, 2020, '9B', '2018.055'),
(488, 2020, '9B', '2018.056'),
(489, 2020, '9B', '2018.057'),
(490, 2020, '9B', '2018.058'),
(491, 2020, '9B', '2018.059'),
(492, 2020, '9B', '2018.060'),
(493, 2020, '9B', '2018.061'),
(494, 2020, '9B', '2018.062'),
(495, 2020, '9B', '2018.063'),
(496, 2020, '9B', '2018.064'),
(497, 2020, '9B', '2018.065'),
(498, 2020, '9B', '2018.066'),
(499, 2020, '9B', '2018.067'),
(500, 2020, '9B', '2018.068'),
(501, 2020, '9B', '2018.069'),
(502, 2020, '9B', '2018.070'),
(503, 2020, '9B', '2018.071'),
(504, 2020, '9B', '2018.072'),
(505, 2020, '9C', '2018.073'),
(506, 2020, '9C', '2018.074'),
(507, 2020, '9C', '2018.075'),
(508, 2020, '9C', '2018.076'),
(509, 2020, '9C', '2018.077'),
(510, 2020, '9C', '2018.078'),
(511, 2020, '9C', '2018.079'),
(512, 2020, '9C', '2018.080'),
(513, 2020, '9C', '2018.081'),
(514, 2020, '9C', '2018.082'),
(515, 2020, '9C', '2018.083'),
(516, 2020, '9C', '2018.084'),
(517, 2020, '9C', '2018.085'),
(518, 2020, '9C', '2018.086'),
(519, 2020, '9C', '2018.087'),
(520, 2020, '9C', '2018.088'),
(521, 2020, '9C', '2018.089'),
(522, 2020, '9C', '2018.090'),
(523, 2020, '9C', '2018.091'),
(524, 2020, '9C', '2018.092'),
(525, 2020, '9C', '2018.093'),
(526, 2020, '9C', '2018.094'),
(527, 2020, '9C', '2018.095'),
(528, 2020, '9C', '2018.096'),
(529, 2020, '9C', '2018.097'),
(530, 2020, '9C', '2018.098'),
(531, 2020, '9C', '2018.099'),
(532, 2020, '9C', '2018.100'),
(533, 2020, '9C', '2018.101'),
(534, 2020, '9C', '2018.102'),
(535, 2020, '9C', '2018.103'),
(536, 2020, '9C', '2018.104'),
(537, 2020, '9C', '2018.105'),
(538, 2020, '9C', '2018.106'),
(539, 2020, '9C', '2018.107'),
(540, 2020, '9C', '2018.108'),
(541, 2020, '9D', '2018.109'),
(542, 2020, '9D', '2018.110'),
(543, 2020, '9D', '2018.111'),
(544, 2020, '9D', '2018.112'),
(545, 2020, '9D', '2018.113'),
(546, 2020, '9D', '2018.114'),
(547, 2020, '9D', '2018.115'),
(548, 2020, '9D', '2018.116'),
(549, 2020, '9D', '2018.117'),
(550, 2020, '9D', '2018.118'),
(551, 2020, '9D', '2018.119'),
(552, 2020, '9D', '2018.120'),
(553, 2020, '9D', '2018.121'),
(554, 2020, '9D', '2018.122'),
(555, 2020, '9D', '2018.123'),
(556, 2020, '9D', '2018.124'),
(557, 2020, '9D', '2018.125'),
(558, 2020, '9D', '2018.126'),
(559, 2020, '9D', '2018.127'),
(560, 2020, '9D', '2018.128'),
(561, 2020, '9D', '2018.129'),
(562, 2020, '9D', '2018.130'),
(563, 2020, '9D', '2018.131'),
(564, 2020, '9D', '2018.132'),
(565, 2020, '9D', '2018.133'),
(566, 2020, '9D', '2018.134'),
(567, 2020, '9D', '2018.135'),
(568, 2020, '9D', '2018.136'),
(569, 2020, '9D', '2018.137'),
(570, 2020, '9D', '2018.138'),
(571, 2020, '9D', '2018.139'),
(572, 2020, '9D', '2018.140'),
(573, 2020, '9D', '2018.141'),
(574, 2020, '9D', '2018.142'),
(575, 2020, '9D', '2018.143'),
(576, 2020, '9D', '2018.144'),
(577, 2020, '8A', '2019.001'),
(578, 2020, '8A', '2019.002'),
(579, 2020, '8A', '2019.003'),
(580, 2020, '8A', '2019.004'),
(581, 2020, '8A', '2019.005'),
(582, 2020, '8A', '2019.006'),
(583, 2020, '8A', '2019.007'),
(584, 2020, '8A', '2019.008'),
(585, 2020, '8A', '2019.009'),
(586, 2020, '8A', '2019.010'),
(587, 2020, '8A', '2019.011'),
(588, 2020, '8A', '2019.012'),
(589, 2020, '8A', '2019.013'),
(590, 2020, '8A', '2019.014'),
(591, 2020, '8A', '2019.015'),
(592, 2020, '8A', '2019.016'),
(593, 2020, '8A', '2019.017'),
(594, 2020, '8A', '2019.018'),
(595, 2020, '8A', '2019.019'),
(596, 2020, '8A', '2019.020'),
(597, 2020, '8A', '2019.021'),
(598, 2020, '8A', '2019.022'),
(599, 2020, '8A', '2019.023'),
(600, 2020, '8A', '2019.024'),
(601, 2020, '8A', '2019.025'),
(602, 2020, '8A', '2019.026'),
(603, 2020, '8A', '2019.027'),
(604, 2020, '8A', '2019.028'),
(605, 2020, '8A', '2019.029'),
(606, 2020, '8A', '2019.030'),
(607, 2020, '8A', '2019.031'),
(608, 2020, '8A', '2019.032'),
(609, 2020, '8A', '2019.033'),
(610, 2020, '8A', '2019.034'),
(611, 2020, '8A', '2019.035'),
(612, 2020, '8A', '2019.036'),
(613, 2020, '8B', '2019.037'),
(614, 2020, '8B', '2019.038'),
(615, 2020, '8B', '2019.039'),
(616, 2020, '8B', '2019.040'),
(617, 2020, '8B', '2019.041'),
(618, 2020, '8B', '2019.042'),
(619, 2020, '8B', '2019.043'),
(620, 2020, '8B', '2019.044'),
(621, 2020, '8B', '2019.045'),
(622, 2020, '8B', '2019.046'),
(623, 2020, '8B', '2019.047'),
(624, 2020, '8B', '2019.048'),
(625, 2020, '8B', '2019.049'),
(626, 2020, '8B', '2019.050'),
(627, 2020, '8B', '2019.051'),
(628, 2020, '8B', '2019.052'),
(629, 2020, '8B', '2019.053'),
(630, 2020, '8B', '2019.054'),
(631, 2020, '8B', '2019.055'),
(632, 2020, '8B', '2019.056'),
(633, 2020, '8B', '2019.057'),
(634, 2020, '8B', '2019.058'),
(635, 2020, '8B', '2019.059'),
(636, 2020, '8B', '2019.060'),
(637, 2020, '8B', '2019.061'),
(638, 2020, '8B', '2019.062'),
(639, 2020, '8B', '2019.063'),
(640, 2020, '8B', '2019.064'),
(641, 2020, '8B', '2019.065'),
(642, 2020, '8B', '2019.066'),
(643, 2020, '8B', '2019.067'),
(644, 2020, '8B', '2019.068'),
(645, 2020, '8B', '2019.069'),
(646, 2020, '8B', '2019.070'),
(647, 2020, '8B', '2019.071'),
(648, 2020, '8B', '2019.072'),
(649, 2020, '8C', '2019.073'),
(650, 2020, '8C', '2019.074'),
(651, 2020, '8C', '2019.075'),
(652, 2020, '8C', '2019.076'),
(653, 2020, '8C', '2019.077'),
(654, 2020, '8C', '2019.078'),
(655, 2020, '8C', '2019.079'),
(656, 2020, '8C', '2019.080'),
(657, 2020, '8C', '2019.081'),
(658, 2020, '8C', '2019.082'),
(659, 2020, '8C', '2019.083'),
(660, 2020, '8C', '2019.084'),
(661, 2020, '8C', '2019.085'),
(662, 2020, '8C', '2019.086'),
(663, 2020, '8C', '2019.087'),
(664, 2020, '8C', '2019.088'),
(665, 2020, '8C', '2019.089'),
(666, 2020, '8C', '2019.090'),
(667, 2020, '8C', '2019.091'),
(668, 2020, '8C', '2019.092'),
(669, 2020, '8C', '2019.093'),
(670, 2020, '8C', '2019.094'),
(671, 2020, '8C', '2019.095'),
(672, 2020, '8C', '2019.096'),
(673, 2020, '8C', '2019.097'),
(674, 2020, '8C', '2019.098'),
(675, 2020, '8C', '2019.099'),
(676, 2020, '8C', '2019.100'),
(677, 2020, '8C', '2019.101'),
(678, 2020, '8C', '2019.102'),
(679, 2020, '8C', '2019.103'),
(680, 2020, '8C', '2019.104'),
(681, 2020, '8C', '2019.105'),
(682, 2020, '8C', '2019.106'),
(683, 2020, '8C', '2019.107'),
(684, 2020, '8C', '2019.108'),
(685, 2020, '8D', '2019.109'),
(686, 2020, '8D', '2019.110'),
(687, 2020, '8D', '2019.111'),
(688, 2020, '8D', '2019.112'),
(689, 2020, '8D', '2019.113'),
(690, 2020, '8D', '2019.114'),
(691, 2020, '8D', '2019.115'),
(692, 2020, '8D', '2019.116'),
(693, 2020, '8D', '2019.117'),
(694, 2020, '8D', '2019.118'),
(695, 2020, '8D', '2019.119'),
(696, 2020, '8D', '2019.120'),
(697, 2020, '8D', '2019.121'),
(698, 2020, '8D', '2019.122'),
(699, 2020, '8D', '2019.123'),
(700, 2020, '8D', '2019.124'),
(701, 2020, '8D', '2019.125'),
(702, 2020, '8D', '2019.126'),
(703, 2020, '8D', '2019.127'),
(704, 2020, '8D', '2019.128'),
(705, 2020, '8D', '2019.129'),
(706, 2020, '8D', '2019.130'),
(707, 2020, '8D', '2019.131'),
(708, 2020, '8D', '2019.132'),
(709, 2020, '8D', '2019.133'),
(710, 2020, '8D', '2019.134'),
(711, 2020, '8D', '2019.135'),
(712, 2020, '8D', '2019.136'),
(713, 2020, '8D', '2019.137'),
(714, 2020, '8D', '2019.138'),
(715, 2020, '8D', '2019.139'),
(716, 2020, '8D', '2019.140'),
(717, 2020, '8D', '2019.141'),
(718, 2020, '8D', '2019.142'),
(719, 2020, '8D', '2019.143'),
(720, 2020, '8D', '2019.144'),
(721, 2020, '7A', '2020.001'),
(722, 2020, '7A', '2020.002'),
(723, 2020, '7A', '2020.003'),
(724, 2020, '7A', '2020.004'),
(725, 2020, '7A', '2020.005'),
(726, 2020, '7A', '2020.006'),
(727, 2020, '7A', '2020.007'),
(728, 2020, '7A', '2020.008'),
(729, 2020, '7A', '2020.009'),
(730, 2020, '7A', '2020.010'),
(731, 2020, '7A', '2020.011'),
(732, 2020, '7A', '2020.012'),
(733, 2020, '7A', '2020.013'),
(734, 2020, '7A', '2020.014'),
(735, 2020, '7A', '2020.015'),
(736, 2020, '7A', '2020.016'),
(737, 2020, '7A', '2020.017'),
(738, 2020, '7A', '2020.018'),
(739, 2020, '7A', '2020.019'),
(740, 2020, '7A', '2020.020'),
(741, 2020, '7A', '2020.021'),
(742, 2020, '7A', '2020.022'),
(743, 2020, '7A', '2020.023'),
(744, 2020, '7A', '2020.024'),
(745, 2020, '7A', '2020.025'),
(746, 2020, '7A', '2020.026'),
(747, 2020, '7A', '2020.027'),
(748, 2020, '7A', '2020.028'),
(749, 2020, '7A', '2020.029'),
(750, 2020, '7A', '2020.030'),
(751, 2020, '7A', '2020.031'),
(752, 2020, '7A', '2020.032'),
(753, 2020, '7A', '2020.033'),
(754, 2020, '7A', '2020.034'),
(755, 2020, '7A', '2020.035'),
(756, 2020, '7A', '2020.036'),
(757, 2020, '7B', '2020.037'),
(758, 2020, '7B', '2020.038'),
(759, 2020, '7B', '2020.039'),
(760, 2020, '7B', '2020.040'),
(761, 2020, '7B', '2020.041'),
(762, 2020, '7B', '2020.042'),
(763, 2020, '7B', '2020.043'),
(764, 2020, '7B', '2020.044'),
(765, 2020, '7B', '2020.045'),
(766, 2020, '7B', '2020.046'),
(767, 2020, '7B', '2020.047'),
(768, 2020, '7B', '2020.048'),
(769, 2020, '7B', '2020.049'),
(770, 2020, '7B', '2020.050'),
(771, 2020, '7B', '2020.051'),
(772, 2020, '7B', '2020.052'),
(773, 2020, '7B', '2020.053'),
(774, 2020, '7B', '2020.054'),
(775, 2020, '7B', '2020.055'),
(776, 2020, '7B', '2020.056'),
(777, 2020, '7B', '2020.057'),
(778, 2020, '7B', '2020.058'),
(779, 2020, '7B', '2020.059'),
(780, 2020, '7B', '2020.060'),
(781, 2020, '7B', '2020.061'),
(782, 2020, '7B', '2020.062'),
(783, 2020, '7B', '2020.063'),
(784, 2020, '7B', '2020.064'),
(785, 2020, '7B', '2020.065'),
(786, 2020, '7B', '2020.066'),
(787, 2020, '7B', '2020.067'),
(788, 2020, '7B', '2020.068'),
(789, 2020, '7B', '2020.069'),
(790, 2020, '7B', '2020.070'),
(791, 2020, '7B', '2020.071'),
(792, 2020, '7B', '2020.072'),
(793, 2020, '7C', '2020.073'),
(794, 2020, '7C', '2020.074'),
(795, 2020, '7C', '2020.075'),
(796, 2020, '7C', '2020.076'),
(797, 2020, '7C', '2020.077'),
(798, 2020, '7C', '2020.078'),
(799, 2020, '7C', '2020.079'),
(800, 2020, '7C', '2020.080'),
(801, 2020, '7C', '2020.081'),
(802, 2020, '7C', '2020.082'),
(803, 2020, '7C', '2020.083'),
(804, 2020, '7C', '2020.084'),
(805, 2020, '7C', '2020.085'),
(806, 2020, '7C', '2020.086'),
(807, 2020, '7C', '2020.087'),
(808, 2020, '7C', '2020.088'),
(809, 2020, '7C', '2020.089'),
(810, 2020, '7C', '2020.090'),
(811, 2020, '7C', '2020.091'),
(812, 2020, '7C', '2020.092'),
(813, 2020, '7C', '2020.093'),
(814, 2020, '7C', '2020.094'),
(815, 2020, '7C', '2020.095'),
(816, 2020, '7C', '2020.096'),
(817, 2020, '7C', '2020.097'),
(818, 2020, '7C', '2020.098'),
(819, 2020, '7C', '2020.099'),
(820, 2020, '7C', '2020.100'),
(821, 2020, '7C', '2020.101'),
(822, 2020, '7C', '2020.102'),
(823, 2020, '7C', '2020.103'),
(824, 2020, '7C', '2020.104'),
(825, 2020, '7C', '2020.105'),
(826, 2020, '7C', '2020.106'),
(827, 2020, '7C', '2020.107'),
(828, 2020, '7C', '2020.108'),
(829, 2020, '7D', '2020.109'),
(830, 2020, '7D', '2020.110'),
(831, 2020, '7D', '2020.111'),
(832, 2020, '7D', '2020.112'),
(833, 2020, '7D', '2020.113'),
(834, 2020, '7D', '2020.114'),
(835, 2020, '7D', '2020.115'),
(836, 2020, '7D', '2020.116'),
(837, 2020, '7D', '2020.117'),
(838, 2020, '7D', '2020.118'),
(839, 2020, '7D', '2020.119'),
(840, 2020, '7D', '2020.120'),
(841, 2020, '7D', '2020.121'),
(842, 2020, '7D', '2020.122'),
(843, 2020, '7D', '2020.123'),
(844, 2020, '7D', '2020.124'),
(845, 2020, '7D', '2020.125'),
(846, 2020, '7D', '2020.126'),
(847, 2020, '7D', '2020.127'),
(848, 2020, '7D', '2020.128'),
(849, 2020, '7D', '2020.129'),
(850, 2020, '7D', '2020.130'),
(851, 2020, '7D', '2020.131'),
(852, 2020, '7D', '2020.132'),
(853, 2020, '7D', '2020.133'),
(854, 2020, '7D', '2020.134'),
(855, 2020, '7D', '2020.135'),
(856, 2020, '7D', '2020.136'),
(857, 2020, '7D', '2020.137'),
(858, 2020, '7D', '2020.138'),
(859, 2020, '7D', '2020.139'),
(860, 2020, '7D', '2020.140'),
(861, 2020, '7D', '2020.141'),
(862, 2020, '7D', '2020.142'),
(863, 2020, '7D', '2020.143'),
(864, 2020, '7D', '2020.144'),
(865, 2021, '9A', '2019.001'),
(866, 2021, '9A', '2019.002'),
(867, 2021, '9A', '2019.003'),
(868, 2021, '9A', '2019.004'),
(869, 2021, '9A', '2019.005'),
(870, 2021, '9A', '2019.006'),
(871, 2021, '9A', '2019.007'),
(872, 2021, '9A', '2019.008'),
(873, 2021, '9A', '2019.009'),
(874, 2021, '9A', '2019.010'),
(875, 2021, '9A', '2019.011'),
(876, 2021, '9A', '2019.012'),
(877, 2021, '9A', '2019.013'),
(878, 2021, '9A', '2019.014'),
(879, 2021, '9A', '2019.015'),
(880, 2021, '9A', '2019.016'),
(881, 2021, '9A', '2019.017'),
(882, 2021, '9A', '2019.018'),
(883, 2021, '9A', '2019.019'),
(884, 2021, '9A', '2019.020'),
(885, 2021, '9A', '2019.021'),
(886, 2021, '9A', '2019.022'),
(887, 2021, '9A', '2019.023'),
(888, 2021, '9A', '2019.024'),
(889, 2021, '9A', '2019.025'),
(890, 2021, '9A', '2019.026'),
(891, 2021, '9A', '2019.027'),
(892, 2021, '9A', '2019.028'),
(893, 2021, '9A', '2019.029'),
(894, 2021, '9A', '2019.030'),
(895, 2021, '9A', '2019.031'),
(896, 2021, '9A', '2019.032'),
(897, 2021, '9A', '2019.033'),
(898, 2021, '9A', '2019.034'),
(899, 2021, '9A', '2019.035'),
(900, 2021, '9A', '2019.036'),
(901, 2021, '9B', '2019.037'),
(902, 2021, '9B', '2019.038'),
(903, 2021, '9B', '2019.039'),
(904, 2021, '9B', '2019.040'),
(905, 2021, '9B', '2019.041'),
(906, 2021, '9B', '2019.042'),
(907, 2021, '9B', '2019.043'),
(908, 2021, '9B', '2019.044'),
(909, 2021, '9B', '2019.045'),
(910, 2021, '9B', '2019.046'),
(911, 2021, '9B', '2019.047'),
(912, 2021, '9B', '2019.048'),
(913, 2021, '9B', '2019.049'),
(914, 2021, '9B', '2019.050'),
(915, 2021, '9B', '2019.051'),
(916, 2021, '9B', '2019.052'),
(917, 2021, '9B', '2019.053'),
(918, 2021, '9B', '2019.054'),
(919, 2021, '9B', '2019.055'),
(920, 2021, '9B', '2019.056'),
(921, 2021, '9B', '2019.057'),
(922, 2021, '9B', '2019.058'),
(923, 2021, '9B', '2019.059'),
(924, 2021, '9B', '2019.060'),
(925, 2021, '9B', '2019.061'),
(926, 2021, '9B', '2019.062'),
(927, 2021, '9B', '2019.063'),
(928, 2021, '9B', '2019.064'),
(929, 2021, '9B', '2019.065'),
(930, 2021, '9B', '2019.066'),
(931, 2021, '9B', '2019.067'),
(932, 2021, '9B', '2019.068'),
(933, 2021, '9B', '2019.069'),
(934, 2021, '9B', '2019.070'),
(935, 2021, '9B', '2019.071'),
(936, 2021, '9B', '2019.072'),
(937, 2021, '9C', '2019.073'),
(938, 2021, '9C', '2019.074'),
(939, 2021, '9C', '2019.075'),
(940, 2021, '9C', '2019.076'),
(941, 2021, '9C', '2019.077'),
(942, 2021, '9C', '2019.078'),
(943, 2021, '9C', '2019.079'),
(944, 2021, '9C', '2019.080'),
(945, 2021, '9C', '2019.081'),
(946, 2021, '9C', '2019.082'),
(947, 2021, '9C', '2019.083'),
(948, 2021, '9C', '2019.084'),
(949, 2021, '9C', '2019.085'),
(950, 2021, '9C', '2019.086'),
(951, 2021, '9C', '2019.087'),
(952, 2021, '9C', '2019.088'),
(953, 2021, '9C', '2019.089'),
(954, 2021, '9C', '2019.090'),
(955, 2021, '9C', '2019.091'),
(956, 2021, '9C', '2019.092'),
(957, 2021, '9C', '2019.093'),
(958, 2021, '9C', '2019.094'),
(959, 2021, '9C', '2019.095'),
(960, 2021, '9C', '2019.096'),
(961, 2021, '9C', '2019.097'),
(962, 2021, '9C', '2019.098'),
(963, 2021, '9C', '2019.099'),
(964, 2021, '9C', '2019.100'),
(965, 2021, '9C', '2019.101'),
(966, 2021, '9C', '2019.102'),
(967, 2021, '9C', '2019.103'),
(968, 2021, '9C', '2019.104'),
(969, 2021, '9C', '2019.105'),
(970, 2021, '9C', '2019.106'),
(971, 2021, '9C', '2019.107'),
(972, 2021, '9C', '2019.108'),
(973, 2021, '9D', '2019.109'),
(974, 2021, '9D', '2019.110'),
(975, 2021, '9D', '2019.111'),
(976, 2021, '9D', '2019.112'),
(977, 2021, '9D', '2019.113'),
(978, 2021, '9D', '2019.114'),
(979, 2021, '9D', '2019.115'),
(980, 2021, '9D', '2019.116'),
(981, 2021, '9D', '2019.117'),
(982, 2021, '9D', '2019.118'),
(983, 2021, '9D', '2019.119'),
(984, 2021, '9D', '2019.120'),
(985, 2021, '9D', '2019.121'),
(986, 2021, '9D', '2019.122'),
(987, 2021, '9D', '2019.123'),
(988, 2021, '9D', '2019.124'),
(989, 2021, '9D', '2019.125'),
(990, 2021, '9D', '2019.126'),
(991, 2021, '9D', '2019.127'),
(992, 2021, '9D', '2019.128'),
(993, 2021, '9D', '2019.129'),
(994, 2021, '9D', '2019.130'),
(995, 2021, '9D', '2019.131'),
(996, 2021, '9D', '2019.132'),
(997, 2021, '9D', '2019.133'),
(998, 2021, '9D', '2019.134'),
(999, 2021, '9D', '2019.135'),
(1000, 2021, '9D', '2019.136'),
(1001, 2021, '9D', '2019.137'),
(1002, 2021, '9D', '2019.138'),
(1003, 2021, '9D', '2019.139'),
(1004, 2021, '9D', '2019.140'),
(1005, 2021, '9D', '2019.141'),
(1006, 2021, '9D', '2019.142'),
(1007, 2021, '9D', '2019.143'),
(1008, 2021, '9D', '2019.144'),
(1009, 2021, '8A', '2020.001'),
(1010, 2021, '8A', '2020.002'),
(1011, 2021, '8A', '2020.003'),
(1012, 2021, '8A', '2020.004'),
(1013, 2021, '8A', '2020.005'),
(1014, 2021, '8A', '2020.006'),
(1015, 2021, '8A', '2020.007'),
(1016, 2021, '8A', '2020.008'),
(1017, 2021, '8A', '2020.009'),
(1018, 2021, '8A', '2020.010'),
(1019, 2021, '8A', '2020.011'),
(1020, 2021, '8A', '2020.012'),
(1021, 2021, '8A', '2020.013'),
(1022, 2021, '8A', '2020.014'),
(1023, 2021, '8A', '2020.015'),
(1024, 2021, '8A', '2020.016'),
(1025, 2021, '8A', '2020.017'),
(1026, 2021, '8A', '2020.018'),
(1027, 2021, '8A', '2020.019'),
(1028, 2021, '8A', '2020.020'),
(1029, 2021, '8A', '2020.021'),
(1030, 2021, '8A', '2020.022'),
(1031, 2021, '8A', '2020.023'),
(1032, 2021, '8A', '2020.024'),
(1033, 2021, '8A', '2020.025'),
(1034, 2021, '8A', '2020.026'),
(1035, 2021, '8A', '2020.027'),
(1036, 2021, '8A', '2020.028'),
(1037, 2021, '8A', '2020.029'),
(1038, 2021, '8A', '2020.030'),
(1039, 2021, '8A', '2020.031'),
(1040, 2021, '8A', '2020.032'),
(1041, 2021, '8A', '2020.033'),
(1042, 2021, '8A', '2020.034'),
(1043, 2021, '8A', '2020.035'),
(1044, 2021, '8A', '2020.036'),
(1045, 2021, '8B', '2020.037'),
(1046, 2021, '8B', '2020.038'),
(1047, 2021, '8B', '2020.039'),
(1048, 2021, '8B', '2020.040'),
(1049, 2021, '8B', '2020.041'),
(1050, 2021, '8B', '2020.042'),
(1051, 2021, '8B', '2020.043'),
(1052, 2021, '8B', '2020.044'),
(1053, 2021, '8B', '2020.045'),
(1054, 2021, '8B', '2020.046'),
(1055, 2021, '8B', '2020.047'),
(1056, 2021, '8B', '2020.048'),
(1057, 2021, '8B', '2020.049'),
(1058, 2021, '8B', '2020.050'),
(1059, 2021, '8B', '2020.051'),
(1060, 2021, '8B', '2020.052'),
(1061, 2021, '8B', '2020.053'),
(1062, 2021, '8B', '2020.054'),
(1063, 2021, '8B', '2020.055'),
(1064, 2021, '8B', '2020.056'),
(1065, 2021, '8B', '2020.057'),
(1066, 2021, '8B', '2020.058'),
(1067, 2021, '8B', '2020.059'),
(1068, 2021, '8B', '2020.060'),
(1069, 2021, '8B', '2020.061'),
(1070, 2021, '8B', '2020.062'),
(1071, 2021, '8B', '2020.063'),
(1072, 2021, '8B', '2020.064'),
(1073, 2021, '8B', '2020.065'),
(1074, 2021, '8B', '2020.066'),
(1075, 2021, '8B', '2020.067'),
(1076, 2021, '8B', '2020.068'),
(1077, 2021, '8B', '2020.069'),
(1078, 2021, '8B', '2020.070'),
(1079, 2021, '8B', '2020.071'),
(1080, 2021, '8B', '2020.072'),
(1081, 2021, '8C', '2020.073'),
(1082, 2021, '8C', '2020.074'),
(1083, 2021, '8C', '2020.075'),
(1084, 2021, '8C', '2020.076'),
(1085, 2021, '8C', '2020.077'),
(1086, 2021, '8C', '2020.078'),
(1087, 2021, '8C', '2020.079'),
(1088, 2021, '8C', '2020.080'),
(1089, 2021, '8C', '2020.081'),
(1090, 2021, '8C', '2020.082'),
(1091, 2021, '8C', '2020.083'),
(1092, 2021, '8C', '2020.084'),
(1093, 2021, '8C', '2020.085'),
(1094, 2021, '8C', '2020.086'),
(1095, 2021, '8C', '2020.087'),
(1096, 2021, '8C', '2020.088'),
(1097, 2021, '8C', '2020.089'),
(1098, 2021, '8C', '2020.090'),
(1099, 2021, '8C', '2020.091'),
(1100, 2021, '8C', '2020.092'),
(1101, 2021, '8C', '2020.093'),
(1102, 2021, '8C', '2020.094'),
(1103, 2021, '8C', '2020.095'),
(1104, 2021, '8C', '2020.096'),
(1105, 2021, '8C', '2020.097'),
(1106, 2021, '8C', '2020.098'),
(1107, 2021, '8C', '2020.099'),
(1108, 2021, '8C', '2020.100'),
(1109, 2021, '8C', '2020.101'),
(1110, 2021, '8C', '2020.102'),
(1111, 2021, '8C', '2020.103'),
(1112, 2021, '8C', '2020.104'),
(1113, 2021, '8C', '2020.105'),
(1114, 2021, '8C', '2020.106'),
(1115, 2021, '8C', '2020.107'),
(1116, 2021, '8C', '2020.108'),
(1117, 2021, '8D', '2020.109'),
(1118, 2021, '8D', '2020.110'),
(1119, 2021, '8D', '2020.111'),
(1120, 2021, '8D', '2020.112'),
(1121, 2021, '8D', '2020.113'),
(1122, 2021, '8D', '2020.114'),
(1123, 2021, '8D', '2020.115'),
(1124, 2021, '8D', '2020.116'),
(1125, 2021, '8D', '2020.117'),
(1126, 2021, '8D', '2020.118'),
(1127, 2021, '8D', '2020.119'),
(1128, 2021, '8D', '2020.120'),
(1129, 2021, '8D', '2020.121'),
(1130, 2021, '8D', '2020.122'),
(1131, 2021, '8D', '2020.123'),
(1132, 2021, '8D', '2020.124'),
(1133, 2021, '8D', '2020.125'),
(1134, 2021, '8D', '2020.126'),
(1135, 2021, '8D', '2020.127'),
(1136, 2021, '8D', '2020.128'),
(1137, 2021, '8D', '2020.129'),
(1138, 2021, '8D', '2020.130'),
(1139, 2021, '8D', '2020.131'),
(1140, 2021, '8D', '2020.132'),
(1141, 2021, '8D', '2020.133'),
(1142, 2021, '8D', '2020.134'),
(1143, 2021, '8D', '2020.135'),
(1144, 2021, '8D', '2020.136'),
(1145, 2021, '8D', '2020.137'),
(1146, 2021, '8D', '2020.138'),
(1147, 2021, '8D', '2020.139'),
(1148, 2021, '8D', '2020.140'),
(1149, 2021, '8D', '2020.141'),
(1150, 2021, '8D', '2020.142'),
(1151, 2021, '8D', '2020.143'),
(1152, 2021, '8D', '2020.144'),
(1153, 2021, '7A', '2021.001'),
(1154, 2021, '7A', '2021.002'),
(1155, 2021, '7A', '2021.003'),
(1156, 2021, '7A', '2021.004'),
(1157, 2021, '7A', '2021.005'),
(1158, 2021, '7A', '2021.006'),
(1159, 2021, '7A', '2021.007'),
(1160, 2021, '7A', '2021.008'),
(1161, 2021, '7A', '2021.009'),
(1162, 2021, '7A', '2021.010'),
(1163, 2021, '7A', '2021.011'),
(1164, 2021, '7A', '2021.012'),
(1165, 2021, '7A', '2021.013'),
(1166, 2021, '7A', '2021.014'),
(1167, 2021, '7A', '2021.015'),
(1168, 2021, '7A', '2021.016'),
(1169, 2021, '7A', '2021.017'),
(1170, 2021, '7A', '2021.018'),
(1171, 2021, '7A', '2021.019'),
(1172, 2021, '7A', '2021.020'),
(1173, 2021, '7A', '2021.021'),
(1174, 2021, '7A', '2021.022'),
(1175, 2021, '7A', '2021.023'),
(1176, 2021, '7A', '2021.024'),
(1177, 2021, '7A', '2021.025'),
(1178, 2021, '7A', '2021.026'),
(1179, 2021, '7A', '2021.027'),
(1180, 2021, '7A', '2021.028'),
(1181, 2021, '7A', '2021.029'),
(1182, 2021, '7A', '2021.030'),
(1183, 2021, '7A', '2021.031'),
(1184, 2021, '7A', '2021.032'),
(1185, 2021, '7A', '2021.033'),
(1186, 2021, '7A', '2021.034'),
(1187, 2021, '7A', '2021.035'),
(1188, 2021, '7A', '2021.036'),
(1189, 2021, '7B', '2021.037'),
(1190, 2021, '7B', '2021.038'),
(1191, 2021, '7B', '2021.039'),
(1192, 2021, '7B', '2021.040'),
(1193, 2021, '7B', '2021.041'),
(1194, 2021, '7B', '2021.042'),
(1195, 2021, '7B', '2021.043'),
(1196, 2021, '7B', '2021.044'),
(1197, 2021, '7B', '2021.045'),
(1198, 2021, '7B', '2021.046'),
(1199, 2021, '7B', '2021.047'),
(1200, 2021, '7B', '2021.048'),
(1201, 2021, '7B', '2021.049'),
(1202, 2021, '7B', '2021.050'),
(1203, 2021, '7B', '2021.051'),
(1204, 2021, '7B', '2021.052'),
(1205, 2021, '7B', '2021.053'),
(1206, 2021, '7B', '2021.054'),
(1207, 2021, '7B', '2021.055'),
(1208, 2021, '7B', '2021.056'),
(1209, 2021, '7B', '2021.057'),
(1210, 2021, '7B', '2021.058'),
(1211, 2021, '7B', '2021.059'),
(1212, 2021, '7B', '2021.060'),
(1213, 2021, '7B', '2021.061'),
(1214, 2021, '7B', '2021.062'),
(1215, 2021, '7B', '2021.063'),
(1216, 2021, '7B', '2021.064'),
(1217, 2021, '7B', '2021.065'),
(1218, 2021, '7B', '2021.066'),
(1219, 2021, '7B', '2021.067'),
(1220, 2021, '7B', '2021.068'),
(1221, 2021, '7B', '2021.069'),
(1222, 2021, '7B', '2021.070'),
(1223, 2021, '7B', '2021.071'),
(1224, 2021, '7B', '2021.072'),
(1225, 2021, '7C', '2021.073'),
(1226, 2021, '7C', '2021.074'),
(1227, 2021, '7C', '2021.075'),
(1228, 2021, '7C', '2021.076'),
(1229, 2021, '7C', '2021.077'),
(1230, 2021, '7C', '2021.078'),
(1231, 2021, '7C', '2021.079'),
(1232, 2021, '7C', '2021.080'),
(1233, 2021, '7C', '2021.081'),
(1234, 2021, '7C', '2021.082'),
(1235, 2021, '7C', '2021.083'),
(1236, 2021, '7C', '2021.084'),
(1237, 2021, '7C', '2021.085'),
(1238, 2021, '7C', '2021.086'),
(1239, 2021, '7C', '2021.087'),
(1240, 2021, '7C', '2021.088'),
(1241, 2021, '7C', '2021.089'),
(1242, 2021, '7C', '2021.090'),
(1243, 2021, '7C', '2021.091'),
(1244, 2021, '7C', '2021.092'),
(1245, 2021, '7C', '2021.093'),
(1246, 2021, '7C', '2021.094'),
(1247, 2021, '7C', '2021.095'),
(1248, 2021, '7C', '2021.096'),
(1249, 2021, '7C', '2021.097'),
(1250, 2021, '7C', '2021.098'),
(1251, 2021, '7C', '2021.099'),
(1252, 2021, '7C', '2021.100'),
(1253, 2021, '7C', '2021.101'),
(1254, 2021, '7C', '2021.102'),
(1255, 2021, '7C', '2021.103'),
(1256, 2021, '7C', '2021.104'),
(1257, 2021, '7C', '2021.105'),
(1258, 2021, '7C', '2021.106'),
(1259, 2021, '7C', '2021.107'),
(1260, 2021, '7C', '2021.108'),
(1261, 2021, '7D', '2021.109'),
(1262, 2021, '7D', '2021.110'),
(1263, 2021, '7D', '2021.111'),
(1264, 2021, '7D', '2021.112'),
(1265, 2021, '7D', '2021.113'),
(1266, 2021, '7D', '2021.114'),
(1267, 2021, '7D', '2021.115'),
(1268, 2021, '7D', '2021.116'),
(1269, 2021, '7D', '2021.117'),
(1270, 2021, '7D', '2021.118'),
(1271, 2021, '7D', '2021.119'),
(1272, 2021, '7D', '2021.120'),
(1273, 2021, '7D', '2021.121'),
(1274, 2021, '7D', '2021.122'),
(1275, 2021, '7D', '2021.123'),
(1276, 2021, '7D', '2021.124'),
(1277, 2021, '7D', '2021.125'),
(1278, 2021, '7D', '2021.126'),
(1279, 2021, '7D', '2021.127'),
(1280, 2021, '7D', '2021.128'),
(1281, 2021, '7D', '2021.129'),
(1282, 2021, '7D', '2021.130'),
(1283, 2021, '7D', '2021.131'),
(1284, 2021, '7D', '2021.132'),
(1285, 2021, '7D', '2021.133'),
(1286, 2021, '7D', '2021.134'),
(1287, 2021, '7D', '2021.135'),
(1288, 2021, '7D', '2021.136'),
(1289, 2021, '7D', '2021.137'),
(1290, 2021, '7D', '2021.138'),
(1291, 2021, '7D', '2021.139'),
(1292, 2021, '7D', '2021.140'),
(1293, 2021, '7D', '2021.141'),
(1294, 2021, '7D', '2021.142'),
(1295, 2021, '7D', '2021.143'),
(1296, 2021, '7D', '2021.144');

-- --------------------------------------------------------

--
-- Table structure for table `siswa_ref`
--

CREATE TABLE `siswa_ref` (
  `nis` varchar(10) NOT NULL,
  `nama` varchar(60) NOT NULL,
  `lp` char(1) NOT NULL,
  `tmp_lahir` varchar(30) NOT NULL,
  `tgl_lahir` date NOT NULL
) ENGINE=InnoDB DEFAULT CHARSET=utf8mb4;

--
-- Dumping data for table `siswa_ref`
--

INSERT INTO `siswa_ref` (`nis`, `nama`, `lp`, `tmp_lahir`, `tgl_lahir`) VALUES
('2017.001', 'HILDA NATHANIELA ', 'P', 'Jakarta', '2004-09-28'),
('2017.002', 'MAULANA ALIF ANUGRAH ', 'L', 'Blitar', '2004-04-22'),
('2017.003', 'CKASINTA WINDA S ', 'P', 'Blitar', '2004-07-04'),
('2017.004', 'NADYA SAPHIRA ESFANDIARI ', 'P', 'malang', '2004-06-26'),
('2017.005', 'FEGGY RIZKIANA HERMAN ', 'L', 'Surabaya', '2004-05-27'),
('2017.006', 'PETER SULAEMAN ', 'L', 'Jakarta', '2004-03-03'),
('2017.007', 'ARMELIA NUR ASYIFFA  ', 'P', 'Tulungagung', '2004-08-10'),
('2017.008', 'ARYA MAHARDIKA ', 'L', 'Ponorogo', '2004-06-03'),
('2017.009', 'AHMAD FAUZAN NAUFAL  ', 'L', 'Kediri', '2004-01-31'),
('2017.010', 'RENAYA SARASTI ', 'P', 'Kediri', '2004-09-04'),
('2017.011', 'LUCKY WIRATAMA SUGANDA ', 'L', 'Kediri', '2004-04-16'),
('2017.012', 'GRACIA VINI ', 'P', 'Kediri', '2004-05-13'),
('2017.013', 'YOLANDA NOVITRI SETIAWAN ', 'P', 'Kediri', '2004-11-05'),
('2017.014', 'HAZANA DELFANI ', 'P', 'Blitar', '2004-09-30'),
('2017.015', 'AULIA RAHMAWATY ', 'P', 'Blitar', '2004-09-06'),
('2017.016', 'RIDA HIMYATI HASNA ', 'P', 'Blitar', '2004-05-05'),
('2017.017', 'DENIS MUHAMMAD IRFAN ', 'L', 'Blitar', '2004-01-29'),
('2017.018', 'SINTA KOMARA  ', 'P', 'Blitar', '2004-03-05'),
('2017.019', 'PUTRI MEDINA AGREZTA ', 'P', 'Blitar', '2004-02-03'),
('2017.020', 'WIDI DWI ADHAWATI ', 'P', 'Blitar', '2004-02-14'),
('2017.021', 'PUJIRIDWANSYAH ', 'L', 'Blitar', '2004-10-18'),
('2017.022', 'ICHSAN NURMANSYAH ', 'L', 'Blitar', '2004-10-10'),
('2017.023', 'MEISA DAMAYANTI ', 'P', 'Blitar', '2004-10-08'),
('2017.024', 'DITA JULIANTI ', 'P', 'Blitar', '2004-03-23'),
('2017.025', 'ROSYANDA SASTIE JAGATTRI ', 'P', 'Blitar', '2004-07-16'),
('2017.026', 'MUHAMMAD YUSUF ', 'L', 'Blitar', '2004-11-19'),
('2017.027', 'RIZKY SYAEFUL ANWAR ', 'L', 'Blitar', '2004-09-24'),
('2017.028', 'ITA JUWITA ', 'P', 'Blitar', '2004-04-13'),
('2017.029', 'RENDI AGUS TIRTANA ', 'L', 'Blitar', '2004-04-30'),
('2017.030', 'ANNISA MARETIAMY ', 'P', 'Blitar', '2004-06-19'),
('2017.031', 'RISTAMI ANNISA ', 'P', 'Blitar', '2004-04-04'),
('2017.032', 'KHANSA R ', 'P', 'Blitar', '2004-05-12'),
('2017.033', 'MITA AMELIA ', 'P', 'Blitar', '2004-02-21'),
('2017.034', 'SUCI ANANDA ', 'P', 'Blitar', '2004-08-17'),
('2017.035', 'MARIAM MARIANTI ', 'P', 'Blitar', '2004-10-16'),
('2017.036', 'RISMA NOPIANTI ', 'P', 'Blitar', '2004-06-03'),
('2017.037', 'KURNIA IMBAR SANDI .S ', 'P', 'Blitar', '2004-09-14'),
('2017.038', 'DWI PUTRI JANUARI ', 'P', 'Blitar', '2004-06-28'),
('2017.039', 'DINY MARYANI HERMAWAN ', 'P', 'malang', '2004-02-15'),
('2017.040', 'AYUDHIA CHANDRA PUSPARINI  ', 'P', 'Surabaya', '2004-04-07'),
('2017.041', 'JAYANTI WIDIASTUTI ', 'P', 'Jakarta', '2004-11-06'),
('2017.042', 'FERDINAND IS SUHENDRA ', 'L', 'Tulungagung', '2004-08-07'),
('2017.043', 'AGUNGSAPUTRA ', 'L', 'Ponorogo', '2004-09-22'),
('2017.044', 'ANJANI MEILAWATI DEWI ', 'P', 'Kediri', '2004-08-25'),
('2017.045', 'GINA SONIA ', 'P', 'Kediri', '2004-10-05'),
('2017.046', 'AYUDHIA CHANDRA PUSPARINI ', 'P', 'Kediri', '2004-02-28'),
('2017.047', 'WENDYNA OKTAVIANI ', 'P', 'Kediri', '2004-05-09'),
('2017.048', 'WAHYU AJI KOMARA ', 'L', 'Kediri', '2004-05-21'),
('2017.049', 'SALMA NUR AISY ', 'P', 'Blitar', '2004-11-11'),
('2017.050', 'INDAH NUR MAULIDA ', 'P', 'Blitar', '2004-08-06'),
('2017.051', 'DICKY SUDRAJAT ', 'L', 'Blitar', '2004-05-07'),
('2017.052', 'DERI LIKANDRA TRIPUTRA ', 'L', 'malang', '2004-05-01'),
('2017.053', 'ARIEF SUDIANTO ', 'L', 'Surabaya', '2004-10-11'),
('2017.054', 'ARI RAMDANI ', 'L', 'Jakarta', '2004-04-11'),
('2017.055', 'INDRI ZAQIAH ', 'P', 'Tulungagung', '2004-06-16'),
('2017.056', 'MUHAMMAD NEVAL MALDINI ', 'L', 'Ponorogo', '2004-09-12'),
('2017.057', 'DINDA AGUNG APRIYANA ', 'L', 'Kediri', '2004-08-17'),
('2017.058', 'SYAHDAN DWI CAHYO ', 'L', 'Kediri', '2004-05-25'),
('2017.059', 'ANA MUSLIMAH ', 'P', 'Kediri', '2004-10-23'),
('2017.060', 'GHITA LISTYAWATI PIAYU ', 'P', 'Kediri', '2004-05-15'),
('2017.061', 'MUHAMMAD FERDI ', 'L', 'Kediri', '2004-09-17'),
('2017.062', 'DHEA NOVIA PARHANA ', 'P', 'Blitar', '2004-03-31'),
('2017.063', 'EVI HAFIZAH RAHMA ', 'P', 'Blitar', '2004-06-02'),
('2017.064', 'AFGANI MAULANA A.S. ', 'L', 'Blitar', '2004-09-03'),
('2017.065', 'MOCH ADNAND HERIANSYAH ', 'L', 'malang', '2004-09-29'),
('2017.066', 'KIRANA CITRA DESTIYANTI ', 'P', 'Surabaya', '2004-08-31'),
('2017.067', 'LASSANDRA KATTYANA SANTOS ', 'P', 'Jakarta', '2004-10-12'),
('2017.068', 'ARIF.SANTOSO ', 'L', 'Tulungagung', '2004-10-08'),
('2017.069', 'SAEPULOH ', 'L', 'Ponorogo', '2004-05-23'),
('2017.070', 'RIZAL ERMANTO ', 'L', 'Kediri', '2004-12-18'),
('2017.071', 'NUR DEVI YUSIAWATI GUMELAR ', 'P', 'Kediri', '2004-06-13'),
('2017.072', 'SELISA FATIMAH ', 'P', 'Kediri', '2004-05-15'),
('2017.073', 'MUHAMMAD RIZKI ALHAFIZH ', 'L', 'Kediri', '2004-05-24'),
('2017.074', 'RAKA NURMAWAN  ', 'L', 'Kediri', '2004-05-29'),
('2017.075', 'SELISA FATIMAH ', 'P', 'Blitar', '2004-08-30'),
('2017.076', 'FATHIMAH ASSALAMH', 'L', 'Blitar', '2004-10-23'),
('2017.077', 'HANNA TASYA ', 'P', 'Blitar', '2004-11-28'),
('2017.078', 'SUCI WULAN SARI ', 'P', 'malang', '2004-07-30'),
('2017.079', 'NURFA RESTI AULIA ', 'P', 'Surabaya', '2004-09-04'),
('2017.080', 'ISRAQI ATSIRUDDIN SIDQI RAMDHANI ', 'L', 'Jakarta', '2004-06-17'),
('2017.081', 'ISRAQI ATSIRUDDIN SIDQI RAMDHANI ', 'L', 'Tulungagung', '2004-12-18'),
('2017.082', 'ZELLA ZAKIYAH ', 'P', 'Ponorogo', '2005-01-03'),
('2017.083', 'BRAMA LESSANDRO SANTOS ', 'L', 'Kediri', '2004-12-23'),
('2017.084', 'DANI IRAWAN ', 'L', 'Kediri', '2004-12-13'),
('2017.085', 'ANNISA AYU SIWI ', 'P', 'Kediri', '2004-07-17'),
('2017.086', 'CITRA PRADITA EFFENDI ', 'P', 'Kediri', '2004-10-16'),
('2017.087', 'BAYU NUGRAHA LIBRIANSYAH ', 'L', 'Kediri', '2004-05-02'),
('2017.088', 'WINDI AYU ', 'P', 'Blitar', '2004-09-07'),
('2017.089', 'CITRA MEGA LESTARI ', 'P', 'Blitar', '2004-06-13'),
('2017.090', 'DINDA SAPTA CAROLINA ', 'P', 'Blitar', '2005-01-19'),
('2017.091', 'YULIA NUR SAFITRI ', 'P', 'malang', '2004-09-06'),
('2017.092', 'RISKA GITA SUHANA ', 'P', 'Surabaya', '2004-11-01'),
('2017.093', 'MUHAMMAD ALDI RAMDHANI ', 'L', 'Jakarta', '2004-09-16'),
('2017.094', 'IRFAN ADI PAMUJI ', 'L', 'Tulungagung', '2004-05-05'),
('2017.095', 'REGINA ELDINIA RAHAYU ', 'P', 'Ponorogo', '2004-05-22'),
('2017.096', 'NITASUKMALA ', 'P', 'Kediri', '2004-12-17'),
('2017.097', 'PINAANDRIYANI ', 'P', 'Kediri', '2004-04-26'),
('2017.098', 'DWI WIRA SURACHANDRA ', 'L', 'Kediri', '2004-05-23'),
('2017.099', 'MUHAMAD RIFLY ROBIANA ', 'L', 'Kediri', '2004-05-07'),
('2017.100', 'DWI LAKSANA BHAKTI ', 'L', 'Kediri', '2005-01-29'),
('2017.101', 'DERI FAUZI ', 'L', 'Blitar', '2004-12-11'),
('2017.102', 'YOGI ROSI PRASETYO ', 'L', 'Blitar', '2004-11-10'),
('2017.103', 'SITI NURJANAH ', 'P', 'Blitar', '2004-10-17'),
('2017.104', 'LULU ADILAH FASYA  ', 'P', 'Blitar', '2004-09-10'),
('2017.105', 'SONIA OKTAVIANA ', 'P', 'Blitar', '2004-12-19'),
('2017.106', 'HANASIRA AFIFA ', 'P', 'Blitar', '2004-12-01'),
('2017.107', 'KANIA ANISA LESTARI ', 'P', 'Blitar', '2004-09-23'),
('2017.108', 'ANISA AYU PARWATI ', 'P', 'Blitar', '2004-04-29'),
('2017.109', 'MUHAMMAD ITSAL SEPTIAN RAHMAN ', 'L', 'Blitar', '2004-04-23'),
('2017.110', 'SITI NURMALA ASY`SYIFA ', 'P', 'Blitar', '2004-04-27'),
('2017.111', 'ADI DARMAWAN ', 'L', 'Blitar', '2004-08-29'),
('2017.112', 'IRA MARIANA ', 'P', 'Blitar', '2004-06-30'),
('2017.113', 'BAGUS RIO PRASOJO ', 'L', 'Blitar', '2005-01-31'),
('2017.114', 'AJENG GERHANA WULAN ', 'P', 'Blitar', '2004-12-30'),
('2017.115', 'RANTI PRAHASTANTI ', 'P', 'Blitar', '2004-08-29'),
('2017.116', 'AGUS SETIANA ', 'L', 'Blitar', '2004-10-23'),
('2017.117', 'HILMY MAULANARACHMAWAN ', 'L', 'Blitar', '2004-07-05'),
('2017.118', 'WINDA AYULIA AGUSTINA ', 'P', 'Blitar', '2005-02-14'),
('2017.119', 'IMAN  ', 'L', 'Blitar', '2005-02-16'),
('2017.120', 'ADNAN SAEFULLOH ', 'L', 'Blitar', '2005-01-28'),
('2017.121', 'MUNI LEDIA ASTUTI ', 'P', 'Blitar', '2004-10-05'),
('2017.122', 'RIZKY IRHAS FIRDAUS ', 'L', 'Blitar', '2004-08-11'),
('2017.123', 'AHMAD HASAN N ', 'L', 'Blitar', '2004-11-15'),
('2017.124', 'PUTRI MARYTHA SETIADI ', 'P', 'Blitar', '2004-09-20'),
('2017.125', 'LESTARI PRATIWI ', 'P', 'Blitar', '2005-01-23'),
('2017.126', 'LESTARI PRATIWI ', 'P', 'malang', '2004-11-20'),
('2017.127', 'NINNE NURAIDA ', 'P', 'Surabaya', '2004-07-29'),
('2017.128', 'SRI DEWI CAHYADI ', 'P', 'Jakarta', '2004-10-02'),
('2017.129', 'RAKA GUSTIANA ', 'L', 'Tulungagung', '2004-07-28'),
('2017.130', 'NENENG ROYANI ', 'P', 'Ponorogo', '2004-08-21'),
('2017.131', 'RIDWAN RAYNALDI PUTRA ', 'L', 'Kediri', '2004-09-05'),
('2017.132', 'REVINA SADIYYAH FATIMAH ', 'P', 'Kediri', '2004-10-17'),
('2017.133', 'MUHAMMAD ITSAL SEPTIAN RAHMAN ', 'L', 'Kediri', '2005-01-02'),
('2017.134', 'ROBBI SUJANA ', 'L', 'Kediri', '2005-02-17'),
('2017.135', 'ESYA SWASTI SUKMATIA ', 'P', 'Kediri', '2005-01-26'),
('2017.136', 'TATIE MULYATI ', 'P', 'Blitar', '2004-11-03'),
('2017.137', 'ISNAENI HANDAYANI MUKTI ', 'P', 'Blitar', '2005-02-05'),
('2017.138', 'NURHASANNAH SAFITRI ', 'P', 'Blitar', '2005-02-11'),
('2017.139', 'RANI NURYATI ', 'P', 'malang', '2004-10-16'),
('2017.140', 'RIVANI ASRI PRATIWI ', 'P', 'Surabaya', '2004-06-26'),
('2017.141', 'JUANITA NURFADHILLAH HAFYANI ', 'P', 'Jakarta', '2004-07-03'),
('2017.142', 'RACHMAWATI SABILARIZKI ', 'P', 'Tulungagung', '2004-08-06'),
('2017.143', 'YOLANDA AYU SYAFIRA ', 'P', 'Ponorogo', '2005-01-06'),
('2017.144', 'ZAENAL ABIDIN ', 'L', 'Kediri', '2005-01-01'),
('2018.001', 'YOGIE NUGRAHA ', 'L', 'Kediri', '2004-05-24'),
('2018.002', 'ANGGI RATNASARI ', 'P', 'Kediri', '2004-11-27'),
('2018.003', 'ERWIN BANI ADAM ', 'L', 'Kediri', '2005-02-01'),
('2018.004', 'SUSANTI ', 'P', 'Kediri', '2004-10-25'),
('2018.005', 'LUSIANASARASWATI DEWI ', 'P', 'Blitar', '2005-01-23'),
('2018.006', 'ANNISA DESSETIANI LEE ', 'P', 'Blitar', '2004-09-26'),
('2018.007', 'SUHERDI ', 'L', 'Blitar', '2004-11-24'),
('2018.008', 'DANIEL OKTARIO ', 'L', 'malang', '2005-09-26'),
('2018.009', 'FURQON SAEFULLOH ', 'L', 'Surabaya', '2004-11-25'),
('2018.010', 'MUHAMMAD DODDY DJAKARIA ', 'L', 'Jakarta', '2004-11-02'),
('2018.011', 'ANNISA DESSETIANI LEE ', 'P', 'Tulungagung', '2005-04-09'),
('2018.012', 'FURQON SAEFULLOH ', 'L', 'Ponorogo', '2004-12-06'),
('2018.013', 'NOVIANTI WARNERIN ', 'P', 'Kediri', '2005-01-18'),
('2018.014', 'ALAMDA VERDIYANA ', 'L', 'Kediri', '2005-04-29'),
('2018.015', 'AGNES DIRGANTINI HAKIM ', 'P', 'Kediri', '2004-12-20'),
('2018.016', 'AGNES DIRGANTINI HAKIM ', 'P', 'Kediri', '2004-10-22'),
('2018.017', 'ANDRIAN KUSNADI ', 'L', 'Kediri', '2004-11-10'),
('2018.018', 'AVRIALY KOSVI ', 'L', 'Blitar', '2005-08-21'),
('2018.019', 'ANDRIAN KUSNADI ', 'L', 'Blitar', '2005-03-20'),
('2018.020', 'RISTYA ARIYANI ', 'P', 'Blitar', '2005-10-18'),
('2018.021', 'DELSA SATYA PRATAMA ', 'L', 'malang', '2005-06-17'),
('2018.022', 'BELLA PUTRI NASTITI ', 'P', 'Surabaya', '2005-03-17'),
('2018.023', 'ADINDA FITRI KINANTI ', 'P', 'Blitar', '2005-01-21'),
('2018.024', 'ANIS KHOIRUN NAILAH ', 'P', 'Blitar', '2005-09-13'),
('2018.025', 'ANITA NUR HIDAYAH ', 'P', 'Blitar', '2005-03-10'),
('2018.026', 'ARIFAH NURJIHAN ', 'P', 'malang', '2005-06-24'),
('2018.027', 'AULLIA DITHA SYAHRANI ', 'P', 'Surabaya', '2005-03-24'),
('2018.028', 'BAGUS ADITYA SAPUTRA ', 'L', 'Jakarta', '2004-07-26'),
('2018.029', 'DENI DWILAZIMAH ', 'P', 'Tulungagung', '2004-09-10'),
('2018.030', 'DIKY RAMADANU ', 'L', 'Ponorogo', '2004-07-28'),
('2018.031', 'DIMAS IKHSAN MUBAROK ', 'L', 'Kediri', '2005-10-15'),
('2018.032', 'DINUL MUAWANAH ', 'P', 'Kediri', '2004-08-01'),
('2018.033', 'FARAH NAILI AZKI ', 'P', 'Kediri', '2005-06-05'),
('2018.034', 'FAREL PRADITYA WIJAYA ', 'L', 'Kediri', '2005-03-01'),
('2018.035', 'FATKUR RIZKI ', 'L', 'Kediri', '2005-04-04'),
('2018.036', 'FAUZA ZAENAL ARIFIN ', 'L', 'Blitar', '2005-09-10'),
('2018.037', 'GANANG AJI NUGROHO ', 'L', 'Blitar', '2005-06-23'),
('2018.038', 'GESIT SETYANTORO ', 'L', 'Blitar', '2005-03-21'),
('2018.039', 'GUNTUR EKA PRATAMA ', 'L', 'Blitar', '2004-09-12'),
('2018.040', 'IKBAL PRASTYO PAMBUDI ', 'L', 'Blitar', '2005-01-07'),
('2018.041', 'IRFAN ROMADHON ', 'L', 'Blitar', '2005-05-21'),
('2018.042', 'JESSICA MAHARANI ', 'P', 'Blitar', '2005-08-28'),
('2018.043', 'MUHAMMAD ILHAM WULAN ROMADLON ', 'L', 'Blitar', '2004-12-04'),
('2018.044', 'MUHARRAM NUR ALFAUZI ', 'L', 'Blitar', '2005-08-11'),
('2018.045', 'NAILA AMELYA PUTRI ', 'P', 'Blitar', '2004-09-04'),
('2018.046', 'PUTRI RESTINA AULIA ', 'P', 'Blitar', '2004-08-30'),
('2018.047', 'RESTU IKHTIYARTI ', 'P', 'Blitar', '2005-05-21'),
('2018.048', 'REZA ABI WIJAKSANA ', 'L', 'Blitar', '2005-02-17'),
('2018.049', 'RISKI WIJAYA ', 'L', 'Blitar', '2004-08-11'),
('2018.050', 'RIZAL FEBRIYAN ', 'L', 'Blitar', '2005-08-07'),
('2018.051', 'SALSABILA MAYASTI ', 'P', 'Blitar', '2005-10-08'),
('2018.052', 'WIDIA MARIANDA ', 'P', 'Blitar', '2004-10-04'),
('2018.053', 'ZACKY MAHENDRA ', 'L', 'Blitar', '2005-06-03'),
('2018.054', 'ZICO RAFFI AKHMAD ', 'L', 'Blitar', '2004-12-07'),
('2018.055', 'ADITYA FIRMANSYAH ', 'L', 'Blitar', '2004-12-16'),
('2018.056', 'AGEL TRIYONO ', 'L', 'Blitar', '2005-11-02'),
('2018.057', 'AJI PRASETYO ', 'L', 'Blitar', '2004-08-02'),
('2018.058', 'ALFI KAROMAH ', 'P', 'Blitar', '2004-10-05'),
('2018.059', 'ANNISA RISMANINDYA UTAMI ', 'P', 'Blitar', '2005-04-20'),
('2018.060', 'ARINI KAMALIYA ', 'P', 'Blitar', '2005-05-04'),
('2018.061', 'BOWO PUTRA RAHWANTO ', 'L', 'malang', '2005-06-03'),
('2018.062', 'EGA AYU FERNANDA ', 'P', 'Surabaya', '2005-08-03'),
('2018.063', 'FANI INDRA SETIAWAN ', 'L', 'Jakarta', '2004-09-21'),
('2018.064', 'FATIN NAFINGATUN HASANAH ', 'P', 'Tulungagung', '2004-08-23'),
('2018.065', 'FLABIYAN HAFIST SHABIBI ', 'L', 'Ponorogo', '2004-11-05'),
('2018.066', 'GALANG JUNI KURNIAWAN ', 'L', 'Kediri', '2005-09-14'),
('2018.067', 'HANUM RAMADHANI ', 'P', 'Kediri', '2005-03-23'),
('2018.068', 'ISMAN FAUZI ', 'L', 'Kediri', '2005-01-05'),
('2018.069', 'JAVA DWI PANGGA SATRIYA ', 'L', 'Kediri', '2005-03-08'),
('2018.070', 'LAURENZA INAYAH FEBRIYANTI ', 'P', 'Kediri', '2005-10-05'),
('2018.071', 'LAYLA EKA RAHMA PUTRI ', 'P', 'Blitar', '2005-05-25'),
('2018.072', 'MAYLINDA DWI ANJANI ', 'P', 'Blitar', '2005-06-14'),
('2018.073', 'MIFTAHUL KAROMAH ', 'P', 'Blitar', '2005-07-08'),
('2018.074', 'MUHAMAD FIRDAUS ASAHLAN ', 'L', 'malang', '2005-11-25'),
('2018.075', 'MUHAMMAD RIZQI FADDILAH ', 'L', 'Surabaya', '2005-01-28'),
('2018.076', 'NABILATUL CHASANAH ', 'P', 'Jakarta', '2004-11-05'),
('2018.077', 'NAUFAL MAULANA IQBAL ', 'L', 'Tulungagung', '2005-12-14'),
('2018.078', 'NAYA FATIMAH AZ ZAHRA ', 'P', 'Ponorogo', '2005-09-09'),
('2018.079', 'RAGHAN RIZKY FEBRIANSYAH ', 'L', 'Kediri', '2004-12-02'),
('2018.080', 'REVA ARTA HERDITA ', 'P', 'Kediri', '2005-09-09'),
('2018.081', 'RIO FITRA OKTAVIAN ', 'L', 'Kediri', '2005-01-29'),
('2018.082', 'SILMI NELILMUNA ', 'P', 'Kediri', '2005-04-13'),
('2018.083', 'SUGENG RIYADI ', 'L', 'Kediri', '2005-03-13'),
('2018.084', 'THOTOK AGUNG SAPUTRO ', 'L', 'Blitar', '2004-08-25'),
('2018.085', 'TOYEB ISROK ', 'L', 'Blitar', '2005-01-12'),
('2018.086', 'WANDA SUBEKTI ', 'L', 'Blitar', '2005-12-07'),
('2018.087', 'ABDUL ROKHIM ', 'L', 'malang', '2005-03-05'),
('2018.088', 'ADNAN KHOIRU FAHMI ', 'L', 'Surabaya', '2004-09-06'),
('2018.089', 'AHMAD SHOLIHIN ', 'L', 'Jakarta', '2005-10-09'),
('2018.090', 'AIS DWI JAYANTI ', 'P', 'Tulungagung', '2005-06-02'),
('2018.091', 'ANI SYAFAATUN ISANDI ', 'P', 'Ponorogo', '2005-02-11'),
('2018.092', 'AYLA PUTRI SALSABILA ', 'P', 'Kediri', '2005-07-02'),
('2018.093', 'DINA MELISA ', 'P', 'Kediri', '2005-09-18'),
('2018.094', 'FAJAR RIZKI HIDAYAT ', 'L', 'Kediri', '2004-10-27'),
('2018.095', 'FERA PUSPITA ANGGRAINI ', 'P', 'Kediri', '2005-04-06'),
('2018.096', 'GALANG DWI SAPUTRA ', 'L', 'Kediri', '2005-12-22'),
('2018.097', 'HANAFI DWI PRAMONO ', 'L', 'Blitar', '2005-07-25'),
('2018.098', 'HUSNA ARROFI ', 'L', 'Blitar', '2005-06-19'),
('2018.099', 'ICA NUR HALISA ', 'P', 'Blitar', '2005-01-03'),
('2018.100', 'IKHSANNUDIN ', 'L', 'malang', '2005-09-19'),
('2018.101', 'LUTFI LUKLUKIL MAKHFIA ', 'P', 'Surabaya', '2004-12-06'),
('2018.102', 'MIFTAKHUL KHASANAH ', 'P', 'Jakarta', '2004-12-10'),
('2018.103', 'MUHAMMAD WILDAN ICHWIHWAN ', 'L', 'Tulungagung', '2005-05-03'),
('2018.104', 'MUKHAMAD ULIL ABSOR ', 'L', 'Ponorogo', '2005-04-16'),
('2018.105', 'NOVITA SARI ', 'P', 'Kediri', '2005-08-12'),
('2018.106', 'NUR AHMAD FITRIYANTO ', 'L', 'Kediri', '2006-01-04'),
('2018.107', 'PRATAMA ARIF WIBOWO ', 'L', 'Kediri', '2005-01-15'),
('2018.108', 'RAFI ACHMAD SAIFUDIN ', 'L', 'Kediri', '2005-01-29'),
('2018.109', 'REZA KURNIA RAMADHANI ', 'P', 'Kediri', '2004-10-26'),
('2018.110', 'RIVA ZAHIYATUR ROHMAH ', 'P', 'Blitar', '2004-12-24'),
('2018.111', 'RIZKI DWI YULIANTO ', 'L', 'Blitar', '2004-12-03'),
('2018.112', 'SARI KUSUMAWATI ', 'P', 'Blitar', '2005-04-11'),
('2018.113', 'SATRIO AJI ', 'L', 'malang', '2005-12-31'),
('2018.114', 'SELVI RIYANA PUTRI ', 'P', 'Surabaya', '2004-12-13'),
('2018.115', 'VIRMAN ADITYA PRATAMA ', 'L', 'Jakarta', '2005-11-10'),
('2018.116', 'WAHANI ', 'P', 'Tulungagung', '2005-09-17'),
('2018.117', 'WAHID NASRULLOH ', 'L', 'Ponorogo', '2005-01-02'),
('2018.118', 'WAHYU NOVA SAPUTRA ', 'L', 'Kediri', '2005-08-09'),
('2018.119', 'ACHMAD IMRON ', 'L', 'Kediri', '2005-03-14'),
('2018.120', 'ANA RAMADHANI ', 'P', 'Kediri', '2004-12-22'),
('2018.121', 'ANGGUN FUZI RAHMALIA ', 'P', 'Kediri', '2005-01-25'),
('2018.122', 'ANJANI PUTRI SOLIHAH ', 'P', 'Kediri', '2004-11-30'),
('2018.123', 'ARIDHAN AR FAJRI ', 'L', 'Blitar', '2006-02-03'),
('2018.124', 'CHICIO RIZKI PRATAMA ', 'L', 'Blitar', '2006-01-20'),
('2018.125', 'DEDY RIDHO KURNIADI ', 'L', 'Blitar', '2006-02-02'),
('2018.126', 'DICKY NURWAHYUDI ', 'L', 'Blitar', '2005-12-05'),
('2018.127', 'DUWI NUR CAHYADI ', 'L', 'Blitar', '2004-11-21'),
('2018.128', 'FADZIL ROMADHON ', 'L', 'Blitar', '2005-09-18'),
('2018.129', 'HAFIZAH AULIA PUTRI ', 'P', 'Blitar', '2004-11-16'),
('2018.130', 'HOIRUL HANAFI ', 'L', 'Blitar', '2005-07-25'),
('2018.131', 'IQBAL SUDARPA ', 'L', 'Blitar', '2005-01-09'),
('2018.132', 'JEFRI GUNAWAN ', 'L', 'Blitar', '2005-02-09'),
('2018.133', 'KHOIRUL ANAM ', 'L', 'Blitar', '2004-12-24'),
('2018.134', 'MAY RAHMAWATI ', 'P', 'Blitar', '2006-01-23'),
('2018.135', 'MIFTAHUL ROZAK ', 'L', 'Blitar', '2006-01-30'),
('2018.136', 'MUHAMMAD RASYA AGUSTIAN ', 'L', 'Blitar', '2005-11-18'),
('2018.137', 'NAFINGA HASANAH ', 'P', 'Blitar', '2005-10-15'),
('2018.138', 'NAWAN CHAIDAR ALI RAHYUDI ', 'L', 'Blitar', '2005-08-23'),
('2018.139', 'NUR LAELA SA?ADAH RAMADHANI ', 'P', 'Blitar', '2004-12-25'),
('2018.140', 'NUR SULASI LAILA ', 'P', 'Blitar', '2005-05-24'),
('2018.141', 'RANGGA FEBRIYANSYAH ', 'L', 'Blitar', '2005-07-22'),
('2018.142', 'RIZKI NURUL SHOLEHAH ', 'P', 'Blitar', '2005-09-20'),
('2018.143', 'ROBY ADI YANSYAH ', 'L', 'Blitar', '2005-10-22'),
('2018.144', 'SASKIA AMANDA ', 'P', 'Blitar', '2005-08-25'),
('2019.001', 'SEPTIANA RAHMASARI ', 'P', 'Blitar', '2005-01-01'),
('2019.002', 'SOFIA KHOIRUN NISA ', 'P', 'Blitar', '2005-05-08'),
('2019.003', 'SYHAYID DHARMA RIEZKI ', 'L', 'Blitar', '2006-04-11'),
('2019.004', 'SYIFA FAUZIAH ', 'P', 'malang', '2005-01-11'),
('2019.005', 'VIFIA RASHYA ARDAYANI ', 'P', 'Surabaya', '2005-03-27'),
('2019.006', 'YOGI ALAMSYAH ', 'L', 'Jakarta', '2005-11-10'),
('2019.007', 'ADINDA KEYLA DESVITARIA ', 'P', 'Tulungagung', '2005-08-30'),
('2019.008', 'ALBAR GUMELAR ', 'L', 'Ponorogo', '2005-07-09'),
('2019.009', 'ALIF FATHUR ROHMAN ', 'L', 'Kediri', '2006-02-08'),
('2019.010', 'ALMAIDA YOGI NOVIANA ', 'P', 'Kediri', '2006-04-21'),
('2019.011', 'ANDHIKA SURYA PRATAMA ', 'L', 'Kediri', '2005-12-08'),
('2019.012', 'ANISA UDCHULUL JANAH ', 'P', 'Kediri', '2005-08-28'),
('2019.013', 'ARIF FAJAR RIYANTO ', 'L', 'Kediri', '2005-04-18'),
('2019.014', 'DANA AMIN ARIFIN ', 'L', 'Blitar', '2005-12-28'),
('2019.015', 'DESTYANA ZAHRATUSSYTA ', 'P', 'Blitar', '2006-03-25'),
('2019.016', 'DWI ALDI RIAWAN ', 'L', 'Blitar', '2005-04-30'),
('2019.017', 'EKO WAHYU PRASETYO ', 'L', 'malang', '2005-06-24'),
('2019.018', 'FARAH NAILA AZKA ', 'P', 'Surabaya', '2005-07-29'),
('2019.019', 'FERNANDA ELYASIN ', 'L', 'Jakarta', '2005-11-25'),
('2019.020', 'FITRI ANI ZAHROTUSITA ', 'P', 'Tulungagung', '2005-07-05'),
('2019.021', 'GALANG WISNU PRATAMA ', 'L', 'Ponorogo', '2005-03-15'),
('2019.022', 'ICHA ALLINDYA TALITA ', 'P', 'Kediri', '2005-08-31'),
('2019.023', 'KESA AULIA VALENTINE ', 'P', 'Kediri', '2006-01-29'),
('2019.024', 'LATIFATUL QOMARIYAH ', 'P', 'Kediri', '2005-09-27'),
('2019.025', 'MUHAMMAD MAHFUDH ', 'L', 'Kediri', '2005-06-22'),
('2019.026', 'MUHAMMAD ULINNUHA ', 'L', 'Kediri', '2005-12-28'),
('2019.027', 'NAI?MATUL KAMILAH ', 'P', 'Blitar', '2005-04-27'),
('2019.028', 'RAFI AGUSTIAN PUTRA ', 'L', 'Blitar', '2005-02-13'),
('2019.029', 'RASYID ANANDESTIO ', 'L', 'Blitar', '2006-01-20'),
('2019.030', 'REZA FEBRIANA ', 'P', 'malang', '2006-06-07'),
('2019.031', 'RIZKY BUDYANTO ', 'L', 'Surabaya', '2006-06-10'),
('2019.032', 'SEPTIANA ROMADONI ', 'P', 'Jakarta', '2006-02-23'),
('2019.033', 'SISKA RAHAYU ', 'P', 'Tulungagung', '2005-03-23'),
('2019.034', 'UMROTUS SYAFA?AH ', 'P', 'Ponorogo', '2006-02-06'),
('2019.035', 'WAHYU PRADITYA ', 'L', 'Kediri', '2005-03-08'),
('2019.036', 'YEZI AFRILYA ', 'P', 'Kediri', '2005-11-30'),
('2019.037', 'YOLA ISTIQOMAH ', 'P', 'Kediri', '2005-08-16'),
('2019.038', 'YUSUF WIRAWAN ', 'L', 'Kediri', '2005-10-07'),
('2019.039', 'ACHMAD UTOMO ', 'L', 'Kediri', '2005-11-03'),
('2019.040', 'ALEXANDER HARTONO ', 'L', 'Blitar', '2005-09-18'),
('2019.041', 'ALFAN HARIRI ', 'L', 'Blitar', '2005-03-16'),
('2019.042', 'ARIFIANI RIRIN SAFIRA ', 'P', 'Blitar', '2006-03-02'),
('2019.043', 'DESY RATNA ', 'P', 'malang', '2006-03-03'),
('2019.044', 'DIMAS DWI SANTOSO ', 'L', 'Surabaya', '2006-04-28'),
('2019.045', 'DINAR PUTRI WARDANI ', 'P', 'Blitar', '2006-05-18'),
('2019.046', 'FERDI RISKI PRATAMA ', 'L', 'Blitar', '2005-06-20'),
('2019.047', 'FIRMANSYAH ', 'L', 'Blitar', '2005-10-08'),
('2019.048', 'GAYUH YEKTI PUTRANTO ', 'L', 'malang', '2005-07-04'),
('2019.049', 'GILANG DWI SLASENA ', 'L', 'Surabaya', '2005-12-29'),
('2019.050', 'HUSNI FADHLI AZIZ ', 'L', 'Jakarta', '2006-01-11'),
('2019.051', 'INTAN JANUARTI ', 'P', 'Tulungagung', '2005-09-21'),
('2019.052', 'JIHAN ANINDYA PARAMITA ', 'P', 'Ponorogo', '2005-12-04'),
('2019.053', 'KHUMAIROH NUR AMIN ', 'P', 'Kediri', '2005-04-28'),
('2019.054', 'KURNI ADI JAJULI RAKHMAT ', 'L', 'Kediri', '2005-03-14'),
('2019.055', 'MUCHAMAD SAYFUL HADI ', 'L', 'Kediri', '2006-03-12'),
('2019.056', 'MUHAMMAD FIRMANSYAH ', 'L', 'Kediri', '2005-06-30'),
('2019.057', 'MUHAMMAD NACHROWI ARYA SALAM ', 'L', 'Kediri', '2006-01-03'),
('2019.058', 'NILAM MAWARDANI ', 'P', 'Blitar', '2005-08-23'),
('2019.059', 'RAFA ABIYAN FIRMAN SYAH ', 'L', 'Blitar', '2005-11-08'),
('2019.060', 'RAFI MUNZAKI ', 'L', 'Blitar', '2006-03-19'),
('2019.061', 'RENITA SYIFASARI ', 'P', 'Blitar', '2006-01-09'),
('2019.062', 'RESTI DESVA MAYLANI ', 'P', 'Blitar', '2006-07-07'),
('2019.063', 'RIZKA INDAH SAFITRIA ', 'P', 'Blitar', '2005-12-02'),
('2019.064', 'RUBA ALFI ROKHAYATI ', 'P', 'Blitar', '2005-09-04'),
('2019.065', 'SABRINA GUSNITA ', 'P', 'Blitar', '2006-01-29'),
('2019.066', 'SAFAL LIYANI OKTAFIYA ', 'P', 'Blitar', '2005-04-23'),
('2019.067', 'TRI USWATUN HASANAH ', 'P', 'Blitar', '2005-09-17'),
('2019.068', 'VENY RAHMAWATI ', 'P', 'Blitar', '2006-04-15'),
('2019.069', 'WIDYASARI KHAIRANI MUFID ', 'P', 'Blitar', '2006-04-20'),
('2019.070', 'WISNU ANDIKA ', 'L', 'Blitar', '2006-03-03'),
('2019.071', 'AGIL KURNIAWATI ', 'P', 'Blitar', '2006-06-25'),
('2019.072', 'AHMAD ARIEF FIRMANSYAH ', 'L', 'Blitar', '2005-07-05'),
('2019.073', 'ALFAN TAUFIQURRAKHMAN ', 'L', 'Blitar', '2005-06-08'),
('2019.074', 'ANANG MUSLIM ', 'L', 'Blitar', '2006-02-16'),
('2019.075', 'ANDIKA NAJMIL HUDA ', 'L', 'Blitar', '2005-08-22'),
('2019.076', 'ANISHA SARI ', 'P', 'Blitar', '2005-09-26'),
('2019.077', 'ARIF KHAMDANI ', 'L', 'Blitar', '2005-04-16'),
('2019.078', 'BAGAS ADITYA SAPUTRA ', 'L', 'Blitar', '2005-09-24'),
('2019.079', 'BUJA PUTRA RAMADHAN ', 'L', 'Blitar', '2005-04-29'),
('2019.080', 'CHANLAND RICKY LUMINTANG ', 'L', 'Blitar', '2005-11-06'),
('2019.081', 'CITA DWI SUTANTI ', 'P', 'Blitar', '2005-11-24'),
('2019.082', 'DEVITA WULANDARI ', 'P', 'Blitar', '2006-06-19'),
('2019.083', 'DWI OKTAVIA SAFITRI ', 'P', 'malang', '2006-06-23'),
('2019.084', 'GALIH AFFANDI ', 'L', 'Surabaya', '2005-09-12'),
('2019.085', 'HANIATUR ROHMAH ', 'P', 'Jakarta', '2006-06-28'),
('2019.086', 'IMROATUN NADHIFAH ', 'P', 'Tulungagung', '2005-07-07'),
('2019.087', 'ISMI HIDAYAH MUZAYANAH ', 'P', 'Ponorogo', '2005-12-13'),
('2019.088', 'KHUMAISI NUR AMIN ', 'P', 'Kediri', '2006-06-01'),
('2019.089', 'LINTANG ', 'P', 'Kediri', '2005-09-08'),
('2019.090', 'MILATUL AZMINAH ', 'P', 'Kediri', '2005-08-05'),
('2019.091', 'MUHAMMAD RIZKI NURFAUZI ', 'L', 'Kediri', '2005-06-13'),
('2019.092', 'NADIA RAHMAT ', 'P', 'Kediri', '2005-11-23'),
('2019.093', 'RAGUND BANGKIT PRANATA ', 'L', 'Blitar', '2006-07-22'),
('2019.094', 'REIHAN FAJAR HUDOYO ', 'L', 'Blitar', '2006-05-01'),
('2019.095', 'RENO PRATAMA PUTRA ', 'L', 'Blitar', '2006-04-10'),
('2019.096', 'RIZKI PRATAMA ', 'L', 'malang', '2006-05-27'),
('2019.097', 'SILVIA OKTAVIANDI ', 'P', 'Surabaya', '2005-10-02'),
('2019.098', 'SOKHIB ABDUL RAHMAN ', 'L', 'Jakarta', '2005-11-28'),
('2019.099', 'SUPATMI ARUM PERTIWI ', 'P', 'Tulungagung', '2005-07-18'),
('2019.100', 'ULUL AZMIAH ', 'P', 'Ponorogo', '2006-05-18'),
('2019.101', 'VERRIS ADAM ', 'L', 'Kediri', '2005-08-03'),
('2019.102', 'YOGA SETIAWAN ', 'L', 'Kediri', '2005-09-28'),
('2019.103', 'AFIF DEWANGGA ARYA DUTAMA ', 'L', 'Kediri', '2006-07-26'),
('2019.104', 'AFIFAH ASRURIYAH ', 'P', 'Kediri', '2006-03-02'),
('2019.105', 'AHMAD SETIAWAN BUKHORI ', 'L', 'Kediri', '2006-07-12'),
('2019.106', 'AHNAF MAULANA PUTRA ', 'L', 'Blitar', '2006-07-10'),
('2019.107', 'ALIFIA ASIVA RIZKI ', 'P', 'Blitar', '2005-09-18'),
('2019.108', 'AULIA SAPUTRI ', 'P', 'Blitar', '2005-09-09'),
('2019.109', 'BAGUS SURYA PANGESTU ', 'L', 'malang', '2006-02-10'),
('2019.110', 'BAYU ARIF MUNANDAR ', 'L', 'Surabaya', '2005-05-08'),
('2019.111', 'BUNGA SAPUTRI ', 'P', 'Jakarta', '2006-06-02'),
('2019.112', 'FATHNA KHOIRUNNISA ', 'P', 'Tulungagung', '2005-06-09'),
('2019.113', 'IRVANGI ARDIYANTO ', 'L', 'Ponorogo', '2005-11-30'),
('2019.114', 'JANUERSI NILADE RACHMAWATI ', 'P', 'Kediri', '2005-12-08'),
('2019.115', 'JAUHARI ROTAL ', 'L', 'Kediri', '2005-06-02'),
('2019.116', 'KAFISYAHIQ ', 'L', 'Kediri', '2005-10-03'),
('2019.117', 'KHAFIDA ARRINI HIDAYAH ', 'P', 'Kediri', '2006-06-01'),
('2019.118', 'KOMSIYATUN ', 'P', 'Kediri', '2005-05-29'),
('2019.119', 'MUHAMAD ARDIYAN ', 'L', 'Blitar', '2005-05-23'),
('2019.120', 'MUHAMMAD FAISAL NASRUL HIDAYAT ', 'L', 'Blitar', '2005-10-18'),
('2019.121', 'MUHAMMAD RAFIF ', 'L', 'Blitar', '2005-11-28'),
('2019.122', 'MUHAMMAD ULIL ABSOR ', 'L', 'malang', '2005-05-20'),
('2019.123', 'MUKHAMAD FIRMAN ARDIANSYAH ', 'L', 'Surabaya', '2005-06-12'),
('2019.124', 'RIZKY AGUNG SAPUTRO ', 'L', 'Jakarta', '2006-09-14'),
('2019.125', 'ROIKHAN TANFAU PUTRA ', 'L', 'Tulungagung', '2006-02-08'),
('2019.126', 'ROLAND KHAFA SAPUTRA ', 'L', 'Ponorogo', '2006-01-29'),
('2019.127', 'SAGITA SETYORINI ', 'P', 'Kediri', '2005-11-17'),
('2019.128', 'SASKIA ALIFA PUTRI ', 'P', 'Kediri', '2006-06-04'),
('2019.129', 'SITI NOVITASARI ', 'P', 'Kediri', '2006-08-17'),
('2019.130', 'SITI NUROCHMAH ', 'P', 'Kediri', '2006-09-05'),
('2019.131', 'SOFIYAH A?IZZATUNNI?MAH ', 'P', 'Kediri', '2006-01-29'),
('2019.132', 'TORI RANGGA TOHJAYA ', 'L', 'Blitar', '2006-08-01'),
('2019.133', 'YESI VIA ERIKA ', 'P', 'Blitar', '2005-11-04'),
('2019.134', 'YOLANTHIAR AKBAR ', 'L', 'Blitar', '2006-05-09'),
('2019.135', 'SRI NGATIYAH', 'P', 'malang', '2005-11-19'),
('2019.136', 'ADE HAFYD FATURAHMAN ', 'L', 'Surabaya', '2006-05-11'),
('2019.137', 'AHMAD BAMBANG RIZKI ', 'L', 'Jakarta', '2006-01-20'),
('2019.138', 'ALFIN ILDAMA ', 'L', 'Tulungagung', '2005-06-06'),
('2019.139', 'ANANG MA?ARUF ', 'L', 'Ponorogo', '2005-08-22'),
('2019.140', 'ANDANI LAELA FITRIANA ', 'P', 'Kediri', '2005-10-21'),
('2019.141', 'ANDIKA AJI KURNIAWAN ', 'L', 'Kediri', '2005-07-31'),
('2019.142', 'ARI ANDRI SETYAWAN ', 'L', 'Kediri', '2006-09-15'),
('2019.143', 'ARYA SATRIO ', 'L', 'Kediri', '2005-05-29'),
('2019.144', 'BAGUS RAHMAN HAKIM ', 'L', 'Kediri', '2006-01-30'),
('2020.001', 'DHAHIRU LAILA MUTHI?AH ', 'P', 'Blitar', '2006-01-01'),
('2020.002', 'DIAN LAILATUL MARDIYAH ', 'P', 'Blitar', '2006-01-10'),
('2020.003', 'EKA DYAH RAKHMAWATI ', 'P', 'Blitar', '2006-06-08'),
('2020.004', 'FAFRI IMAM HANAPI ', 'L', 'Blitar', '2006-05-24'),
('2020.005', 'FAJAR ILHAM RIYADI ', 'L', 'Blitar', '2006-12-08'),
('2020.006', 'FARISH NOVAL HANIF ', 'L', 'Blitar', '2006-03-15'),
('2020.007', 'KHOIRUNISSA ASHOLIHA ', 'P', 'Blitar', '2006-08-08'),
('2020.008', 'KHOTIB SULAIMAN ', 'L', 'Blitar', '2006-06-11'),
('2020.009', 'MANDA SHINTIA SARI ', 'P', 'Blitar', '2006-05-29'),
('2020.010', 'MUHAMMAD FACHRI ', 'L', 'Blitar', '2006-09-14'),
('2020.011', 'MUHAMMAD IMAM ALI ', 'L', 'Blitar', '2007-04-04'),
('2020.012', 'NADYA WULAN NDARI ', 'P', 'Blitar', '2006-02-08'),
('2020.013', 'NOVA MUHAMAD RSYA ', 'L', 'Blitar', '2006-08-12'),
('2020.014', 'NUR KHASANAH ', 'P', 'Blitar', '2006-04-21'),
('2020.015', 'RAAFID FEBRIANTIO ', 'L', 'Blitar', '2007-03-31'),
('2020.016', 'RESTI ADELLIA PRAMADANI ', 'P', 'Blitar', '2006-05-17'),
('2020.017', 'SEPTI WIDIYASARI ', 'P', 'Blitar', '2006-11-30'),
('2020.018', 'SILVIA ANIS SAURA ', 'P', 'Blitar', '2006-09-29'),
('2020.019', 'SOFIATUN NAWA ', 'P', 'Blitar', '2006-05-16'),
('2020.020', 'TIYAR ANDIKA FAHMI ', 'L', 'Blitar', '2006-10-11'),
('2020.021', 'TRI YULIANINGSIH ', 'P', 'Blitar', '2006-05-12'),
('2020.022', 'ULUL NGAJMI ', 'P', 'Blitar', '2006-10-25'),
('2020.023', 'ZAENUM MUTAQIN ', 'L', 'Blitar', '2006-07-02'),
('2020.024', 'TRI YULAENI', 'P', 'Blitar', '2007-02-19'),
('2020.025', 'ACHMAD LUTHFIL NGAZIZ ', 'L', 'Blitar', '2006-02-26'),
('2020.026', 'ADITYA CANDRA ', 'L', 'malang', '2007-02-17'),
('2020.027', 'AHMAD FIKRI ROHMAN ', 'L', 'Surabaya', '2006-07-27'),
('2020.028', 'AHMAD KAMAL ZAMAN ', 'L', 'Jakarta', '2007-03-16'),
('2020.029', 'ALFANDINATA ', 'L', 'Tulungagung', '2006-06-05'),
('2020.030', 'AMAN ROSADI ', 'L', 'Ponorogo', '2007-04-11'),
('2020.031', 'ANDRIAN IBRAMUVIEC ', 'L', 'Kediri', '2006-03-28'),
('2020.032', 'ANGGRI AUFIA ELSANI ', 'P', 'Kediri', '2006-09-16'),
('2020.033', 'ARDA MUHAMMAD IQBAL ', 'L', 'Kediri', '2007-03-29'),
('2020.034', 'DANANG NUR HIMAWAN ', 'L', 'Kediri', '2007-05-20'),
('2020.035', 'FAISAL HADI ', 'L', 'Kediri', '2006-12-03'),
('2020.036', 'FATIMAH AZZAHRO ', 'P', 'Blitar', '2007-01-11'),
('2020.037', 'FERI TRI DUWI LESTARI ', 'P', 'Blitar', '2006-10-30'),
('2020.038', 'FIKAR LUTFIANSYAH ', 'L', 'Blitar', '2006-03-26'),
('2020.039', 'FIRMAN ARDYANSYAH ', 'L', 'malang', '2006-04-23'),
('2020.040', 'GILANG NURDIARTO ', 'L', 'Surabaya', '2006-03-17'),
('2020.041', 'HANIFA DWI RAMADHANI ', 'P', 'Jakarta', '2006-12-09'),
('2020.042', 'HENDRA YUDHA TAMA ', 'L', 'Tulungagung', '2007-04-11'),
('2020.043', 'IKA WINDA PRATIWI ', 'P', 'Ponorogo', '2006-08-07'),
('2020.044', 'LISTI YULIANI ', 'P', 'Kediri', '2007-04-10'),
('2020.045', 'MUTIA SARI ', 'P', 'Kediri', '2006-04-15'),
('2020.046', 'NADIA SYAHDA SAFITRI ', 'P', 'Kediri', '2006-04-03'),
('2020.047', 'NINDIA CINTYA DEWI ', 'P', 'Kediri', '2007-01-18'),
('2020.048', 'NUR AINI FATMAWATI ', 'P', 'Kediri', '2007-06-14'),
('2020.049', 'RAHMA DWI SYALSABILLA ', 'P', 'Blitar', '2006-03-13'),
('2020.050', 'RHEYNNA PUTRI LANTASYA ', 'P', 'Blitar', '2006-07-22'),
('2020.051', 'RIFKI ANISA ', 'P', 'Blitar', '2006-06-19'),
('2020.052', 'SLAMET WIJIYANTO ', 'L', 'malang', '2006-05-25'),
('2020.053', 'SYAFIQ APRILYAN SYACH ', 'L', 'Surabaya', '2006-06-10'),
('2020.054', 'UMI SALAMATUN TURYANTI ', 'P', 'Jakarta', '2006-05-31'),
('2020.055', 'UNTUNG APRILIAN ', 'L', 'Tulungagung', '2006-06-02'),
('2020.056', 'WAHID ZAINUL AZIS ', 'L', 'Ponorogo', '2006-04-03'),
('2020.057', 'MURHANDINI WIDYA A.', 'P', 'Kediri', '2007-03-15'),
('2020.058', 'ABDUL LATIF ', 'L', 'Kediri', '2006-10-26'),
('2020.059', 'ADI TIYA PERMANA ', 'L', 'Kediri', '2007-06-16'),
('2020.060', 'ADITYA NUR FAUZI ', 'L', 'Kediri', '2006-05-27'),
('2020.061', 'AGUNG DARMAWAN ', 'L', 'Kediri', '2006-10-11'),
('2020.062', 'AHMAD HAFIZ LUTFIL ', 'L', 'Blitar', '2006-08-20'),
('2020.063', 'AMAT KHOERUDIN ', 'L', 'Blitar', '2007-02-17'),
('2020.064', 'ANISA FITRIANINGSIH ', 'P', 'Blitar', '2006-12-14'),
('2020.065', 'ARIEL AGUSTIAN ', 'L', 'malang', '2006-06-09'),
('2020.066', 'ARJUNA SUNANTO ', 'L', 'Surabaya', '2007-05-12'),
('2020.067', 'ATHIFAH SILFA ALZAHRA ', 'P', 'Blitar', '2007-05-25'),
('2020.068', 'AULIA PRAWITANING HAPSARI ', 'P', 'Blitar', '2007-04-14'),
('2020.069', 'BAGAS ADITYA PRATAMA ', 'L', 'Blitar', '2006-08-14'),
('2020.070', 'BRAM SUBASTIAN ', 'L', 'malang', '2006-03-17'),
('2020.071', 'DEANISA ADHARANI ', 'P', 'Surabaya', '2006-05-15'),
('2020.072', 'DESI ARSIANI ', 'P', 'Jakarta', '2007-04-23'),
('2020.073', 'DIAH AYU SETIANINGRUM ', 'P', 'Tulungagung', '2007-06-08'),
('2020.074', 'DICKY BACHTIAR ', 'L', 'Ponorogo', '2007-07-23'),
('2020.075', 'EGY DANUARTA ', 'L', 'Kediri', '2007-04-27'),
('2020.076', 'FRISKA ADINI MAHESWARI ', 'P', 'Kediri', '2007-02-11'),
('2020.077', 'HIDAYAH NUR ANANDA ', 'P', 'Kediri', '2007-01-07'),
('2020.078', 'HOLIFAH ', 'P', 'Kediri', '2006-11-30'),
('2020.079', 'KHASANATUN MUNAWAROH ', 'P', 'Kediri', '2006-08-25'),
('2020.080', 'KURNIA ABDUR ROFIQ ', 'L', 'Blitar', '2006-06-09'),
('2020.081', 'MAFTUH IRFANGI ', 'L', 'Blitar', '2007-04-16'),
('2020.082', 'MILA AULIA ', 'P', 'Blitar', '2006-12-04'),
('2020.083', 'MUHAMMAD FAHRUL RIZKI ', 'L', 'Blitar', '2007-02-08'),
('2020.084', 'MUHAMMAD FAJAR RIZQI ABDILLAH ', 'L', 'Blitar', '2006-05-04'),
('2020.085', 'NANDA HATI PUTRI ', 'P', 'Blitar', '2007-07-31'),
('2020.086', 'SABRINA DIAN PRATIWI ', 'P', 'Blitar', '2006-06-08'),
('2020.087', 'UMI NAZILAH ', 'P', 'Blitar', '2006-03-30'),
('2020.088', 'YOGA ADITTYA ', 'L', 'Blitar', '2007-03-27'),
('2020.089', 'YUSUF SUFENDI ', 'L', 'Blitar', '2006-04-26'),
('2020.090', 'PAIRAH', 'P', 'Blitar', '2006-08-17'),
('2020.091', 'AJI WAHYU NUGROHO ', 'L', 'Blitar', '2006-06-20'),
('2020.092', 'ANDINI OCTAFIANTY ', 'P', 'Blitar', '2006-07-15'),
('2020.093', 'ANJAR AGUS TINO ', 'L', 'Blitar', '2006-09-28'),
('2020.094', 'ARDAN ZAIN HUSEIN ', 'L', 'Blitar', '2006-06-05'),
('2020.095', 'ARIF RAMADHANI ', 'L', 'Blitar', '2006-07-24'),
('2020.096', 'ATUR RIDIYANTO ', 'L', 'Blitar', '2006-12-27'),
('2020.097', 'AULIA HIDAYATI ', 'P', 'Blitar', '2006-07-26'),
('2020.098', 'BAGAS BUDIHARTO ', 'L', 'Blitar', '2006-09-10'),
('2020.099', 'CHOIRON FARDAN ZUL FAUZAN ', 'L', 'Blitar', '2007-04-21'),
('2020.100', 'DANU EGY SAPUTRA ', 'L', 'Blitar', '2007-04-23'),
('2020.101', 'EKA MUNAFIAH ', 'P', 'Blitar', '2007-05-16'),
('2020.102', 'ERNI HERIYANTI ', 'P', 'Blitar', '2006-04-27'),
('2020.103', 'IIS FAJAR BAROKAH ', 'P', 'Blitar', '2007-04-12'),
('2020.104', 'ILHAM PRASETYO ', 'L', 'Blitar', '2007-08-22'),
('2020.105', 'IMMOLANA PRASETYO ', 'L', 'malang', '2006-12-03'),
('2020.106', 'INTAN NIA DAMAYANTI ', 'P', 'Surabaya', '2006-07-04'),
('2020.107', 'IRFAN HAKIM ARDIANSYAH ', 'L', 'Jakarta', '2007-06-09'),
('2020.108', 'LATIFAH NUR KHOTIJAH ', 'P', 'Tulungagung', '2007-03-23'),
('2020.109', 'LIDYA NURLITA ', 'P', 'Ponorogo', '2007-04-05'),
('2020.110', 'MAYLA FAUZIAH ', 'P', 'Kediri', '2007-08-06'),
('2020.111', 'MIFTAHUL HUDA ', 'L', 'Kediri', '2007-01-09'),
('2020.112', 'MIFTAHUL JANNAH ', 'P', 'Kediri', '2006-08-26'),
('2020.113', 'MOHAMMAD KHOIRUDIN ', 'L', 'Kediri', '2007-01-02'),
('2020.114', 'MUCHAMMAD RYAN FATHCHAM ', 'L', 'Kediri', '2006-12-24'),
('2020.115', 'MUGI LESTARI ', 'P', 'Blitar', '2006-07-25'),
('2020.116', 'MUHAMAD RIFQI SETIYAWAN ', 'L', 'Blitar', '2006-08-07'),
('2020.117', 'NAFILA NUR AZIZAH ', 'P', 'Blitar', '2007-01-27'),
('2020.118', 'NASRUL MUWAFIQ ', 'L', 'malang', '2006-10-03'),
('2020.119', 'PUTRI NOVILIYANTI ', 'P', 'Surabaya', '2006-11-02'),
('2020.120', 'RANY SEPTIANA ', 'P', 'Jakarta', '2007-07-31'),
('2020.121', 'RIZKY ARDIYANTO ', 'L', 'Tulungagung', '2006-09-11'),
('2020.122', 'WILDAN AZKA TASLIMI ', 'L', 'Ponorogo', '2007-06-18'),
('2020.123', 'EKO WAHYU SEJATI', 'P', 'Kediri', '2006-08-15'),
('2020.124', 'CANDRA AYU LUVITASARI ', 'P', 'Kediri', '2007-02-05'),
('2020.125', 'CINDI LUTFIANA ', 'P', 'Kediri', '2007-08-05'),
('2020.126', 'DHAVA NUR FAUZI ', 'L', 'Kediri', '2006-05-24'),
('2020.127', 'DICKY ADITYA FIRMANSAH ', 'L', 'Kediri', '2007-01-19'),
('2020.128', 'ERIK AFANDHI ', 'L', 'Blitar', '2006-12-03'),
('2020.129', 'FADLUR ROCHMAN AZIZ ', 'L', 'Blitar', '2007-01-02'),
('2020.130', 'HANI NIKMATURRAHMAH ', 'P', 'Blitar', '2007-09-08'),
('2020.131', 'HESTY DWINDA ARINI ', 'P', 'malang', '2007-04-06'),
('2020.132', 'LUFI GIANTORO ', 'L', 'Surabaya', '2007-08-06'),
('2020.133', 'MUHAMAD NURRAHMAN ', 'L', 'Jakarta', '2007-04-13'),
('2020.134', 'MUHAMMAD FARID ABDULLAH ', 'L', 'Tulungagung', '2006-12-10'),
('2020.135', 'MUHAMMAD HUSAIN ', 'L', 'Ponorogo', '2007-06-22'),
('2020.136', 'MUHAMMAD RIFQI SETIAWAN ', 'L', 'Kediri', '2006-11-04'),
('2020.137', 'MUHRODIN ', 'L', 'Kediri', '2006-08-14'),
('2020.138', 'MUNIRUL IKHWAN ', 'L', 'Kediri', '2006-06-03'),
('2020.139', 'NABILA AISYA RINI WIBOWO ', 'P', 'Kediri', '2007-01-12'),
('2020.140', 'NABILA WULAN RAMADHANI ', 'P', 'Kediri', '2006-06-22'),
('2020.141', 'NAELA WINANDITA PUTRI ', 'P', 'Blitar', '2007-09-20'),
('2020.142', 'NATASYA AYU LESTARI ', 'P', 'Blitar', '2006-10-20'),
('2020.143', 'NOVITA NIA SAFITRI ', 'P', 'Blitar', '2007-04-12'),
('2020.144', 'PANGGIH PUJIADI ', 'L', 'malang', '2007-06-11'),
('2021.001', 'RAHMADHOTUL MAULA ', 'P', 'Surabaya', '2007-01-01'),
('2021.002', 'REVA TRI ANJANI ', 'P', 'Jakarta', '2008-02-22'),
('2021.003', 'RIZALUL FIKRI ', 'L', 'Tulungagung', '2008-01-23'),
('2021.004', 'SAFINUR SAFI?A ', 'P', 'Ponorogo', '2008-02-04'),
('2021.005', 'SIFANI RIZKI NUR KHOERONI ', 'P', 'Kediri', '2007-12-26'),
('2021.006', 'SYAHRUL AKHMALUDIN SAHID ', 'L', 'Kediri', '2007-09-27'),
('2021.007', 'WAHIDIN ', 'L', 'Kediri', '2007-10-10'),
('2021.008', 'WAHYU EKO BAWONO ', 'L', 'Kediri', '2007-06-11'),
('2021.009', 'WESLI MUHAMMAD AZIZ ', 'L', 'Kediri', '2007-04-10'),
('2021.010', 'WINDA LESTARI ', 'P', 'Blitar', '2007-02-15'),
('2021.011', 'ZAKY NAUFAL MANSUR ', 'L', 'Blitar', '2007-01-23'),
('2021.012', 'SRI RAHAYU ', 'P', 'Blitar', '2008-05-23'),
('2021.013', 'ADE FIRMANSYAH ', 'L', 'malang', '2007-12-25'),
('2021.014', 'ADHELIA WAHYU KHOIRUNNISA ', 'P', 'Surabaya', '2007-06-18'),
('2021.015', 'AFRISA DWI SYAHZAHRA ', 'P', 'Jakarta', '2008-05-14'),
('2021.016', 'AHMAD SETIONO ', 'L', 'Tulungagung', '2007-07-10'),
('2021.017', 'AHMAD SOLEHUDIN ', 'L', 'Ponorogo', '2008-01-22'),
('2021.018', 'AMAD EKA PURNAMA ', 'L', 'Kediri', '2007-02-18'),
('2021.019', 'ANDHARA RAMANDHANI ', 'P', 'Kediri', '2007-12-26'),
('2021.020', 'FIKRI KURNIAWAN ', 'L', 'Kediri', '2007-03-23'),
('2021.021', 'FILOSIFIA PRASASTI ', 'P', 'Kediri', '2008-03-14'),
('2021.022', 'HANIF NURULHUDA ', 'L', 'Kediri', '2007-05-17'),
('2021.023', 'JENNY MEIZOHA AISYIYA ', 'P', 'Blitar', '2008-06-06'),
('2021.024', 'KHUSNUL HIDAYAH ', 'P', 'Blitar', '2007-01-27'),
('2021.025', 'MUHAMMAD ZACKY ANDROMEDA ', 'L', 'Blitar', '2008-03-17'),
('2021.026', 'NISSAUL KHOIIRYAH ', 'P', 'Blitar', '2008-01-01'),
('2021.027', 'NURUL AZMI DEWARI ', 'P', 'Blitar', '2007-05-08'),
('2021.028', 'NURUL HIDAYAH ', 'P', 'Blitar', '2008-06-07'),
('2021.029', 'OKTA FITRIYANI ', 'P', 'Blitar', '2008-03-09'),
('2021.030', 'RAFLI KURNIAWAN ', 'L', 'Blitar', '2007-07-12'),
('2021.031', 'REZA PRATAMA ', 'L', 'Blitar', '2007-04-18'),
('2021.032', 'RIFAN RADITIYA ', 'L', 'Blitar', '2007-06-16'),
('2021.033', 'RISKHY CATUR PAMUNGKAS ', 'L', 'Blitar', '2007-09-08'),
('2021.034', 'RISMA SEFIQOTUS SANIYAH ', 'P', 'Blitar', '2007-09-03'),
('2021.035', 'SAFINA RIZKA NUR KHOERONI ', 'P', 'Blitar', '2007-05-27'),
('2021.036', 'YESINTA EKA SAFITRI ', 'P', 'Blitar', '2008-04-14'),
('2021.037', 'YUSUF RANGGA SAPUTRA ', 'L', 'Blitar', '2007-09-02'),
('2021.038', 'ZIDAN EKA PRAMUDYA ', 'L', 'Blitar', '2007-06-10'),
('2021.039', 'ZUFAN MUHAMMAD DAEHAN ', 'L', 'Blitar', '2007-06-19'),
('2021.040', 'ACHMAD RIDWAN ', 'L', 'Blitar', '2008-05-17'),
('2021.041', 'ADITYA WARDA SAPUTRA ', 'L', 'Blitar', '2007-05-22'),
('2021.042', 'ANGGA MAULA ', 'L', 'Blitar', '2008-06-18'),
('2021.043', 'AULIA VANI AZZAHRO ', 'P', 'malang', '2007-04-13'),
('2021.044', 'CINDY SETYANINGRUM ', 'P', 'Surabaya', '2007-08-14'),
('2021.045', 'DAMAR HAFIDZ SYAFARANO ', 'L', 'Jakarta', '2008-02-04'),
('2021.046', 'DITA YUNIARTI ', 'P', 'Tulungagung', '2007-09-06'),
('2021.047', 'HERMAN ADE NUGROHO ', 'L', 'Ponorogo', '2007-11-08'),
('2021.048', 'INDAH AYU PAWESTRI ', 'P', 'Kediri', '2007-12-21'),
('2021.049', 'IQBAL FEBRIANSYAH ', 'L', 'Kediri', '2008-06-01'),
('2021.050', 'IRFAN EFFENDI ', 'L', 'Kediri', '2007-02-22'),
('2021.051', 'IVAN PERMANA ', 'L', 'Kediri', '2007-05-24'),
('2021.052', 'MASRUCHIN ', 'L', 'Kediri', '2008-03-28'),
('2021.053', 'MAULIDINI APRILIA ', 'P', 'Blitar', '2007-08-03'),
('2021.054', 'MUFLIKHAH ', 'P', 'Blitar', '2007-07-27'),
('2021.055', 'MUHAMMAD ARIE YUSUF ', 'L', 'Blitar', '2007-08-31'),
('2021.056', 'MUHAMMAD FATCHUL ANAM ', 'L', 'Blitar', '2008-05-15'),
('2021.057', 'MUHAMMAD RUWANDI ', 'L', 'Blitar', '2008-02-16'),
('2021.058', 'MUSAROFAH ', 'P', 'Blitar', '2007-08-15'),
('2021.059', 'NADIAH AJENG FADYLAH ', 'P', 'Blitar', '2008-01-21'),
('2021.060', 'NANI FIBRIYANTI ', 'P', 'Blitar', '2008-03-24'),
('2021.061', 'NOVIYANTI PUJI LESTARI ', 'P', 'Blitar', '2007-04-01'),
('2021.062', 'NURUL RAFIKA FITRIANI ', 'P', 'Blitar', '2008-05-01'),
('2021.063', 'SAFA CHANATUSSALMA ', 'P', 'Blitar', '2008-04-27'),
('2021.064', 'SANDI ARDIANTO ', 'L', 'Blitar', '2007-12-04'),
('2021.065', 'SHERMITA HAFIFAH ', 'P', 'Blitar', '2007-07-10'),
('2021.066', 'SYAHRUL ARIFIN ', 'L', 'Blitar', '2007-06-20'),
('2021.067', 'TATAK WIBOWO ', 'L', 'Blitar', '2008-04-16'),
('2021.068', 'TRI HAINUL ARBIYANSAH ', 'L', 'Blitar', '2008-04-28'),
('2021.069', 'UMADILA YULIYANTI ', 'P', 'Blitar', '2008-01-02'),
('2021.070', 'VERA FEBRIANI ', 'P', 'Blitar', '2007-07-03'),
('2021.071', 'ZAKIA PUTRI ZALIANTI ', 'P', 'Blitar', '2008-04-15'),
('2021.072', 'AGUS NUGROHO ', 'L', 'Blitar', '2008-03-16'),
('2021.073', 'AIDIL FACHMI IRSYAD ', 'L', 'Blitar', '2007-04-06'),
('2021.074', 'AJI PRATAMA PUTRA ', 'L', 'Blitar', '2007-08-22'),
('2021.075', 'ALIFIA ZAHROTUNNAFINGAH ', 'P', 'Blitar', '2008-01-07'),
('2021.076', 'DEA ANGGRAENI ', 'P', 'Blitar', '2007-09-13'),
('2021.077', 'DESNA DEVIANA ', 'P', 'Blitar', '2007-03-27'),
('2021.078', 'DESY PURWITASARI ', 'P', 'malang', '2007-07-27'),
('2021.079', 'DOHAN ZAKI FARIZ ', 'L', 'Surabaya', '2007-09-28'),
('2021.080', 'EKA DWIYANTI ', 'P', 'Jakarta', '2007-03-29'),
('2021.081', 'ERIKA ', 'P', 'Tulungagung', '2008-02-07'),
('2021.082', 'FAHRUL RIZKIANSYAH ', 'L', 'Ponorogo', '2008-02-13'),
('2021.083', 'FEBRI PUJANGGA ', 'L', 'Kediri', '2007-04-17'),
('2021.084', 'LILIS NABILAWATI ', 'P', 'Kediri', '2007-12-24'),
('2021.085', 'LISA PUTRI PANGESTU ', 'P', 'Kediri', '2007-11-12'),
('2021.086', 'MUHAMAD ABDUL FARID ', 'L', 'Kediri', '2008-06-21'),
('2021.087', 'MUHAMMAD RIDWAN ', 'L', 'Kediri', '2008-05-15'),
('2021.088', 'MUHHAMAD KHOIRUL ABIDIN ', 'L', 'Blitar', '2007-04-03'),
('2021.089', 'MURSITO HADI PRATAMA ', 'L', 'Blitar', '2007-10-17'),
('2021.090', 'MU`TIKHOTUL AZIZAH ', 'P', 'Blitar', '2008-04-30'),
('2021.091', 'NURUL `IZZAH ', 'P', 'malang', '2007-07-12'),
('2021.092', 'RAFI DWI ROMADHON ', 'L', 'Surabaya', '2007-08-29'),
('2021.093', 'RAFIQ MEYGI ANTORO ', 'L', 'Jakarta', '2008-06-09'),
('2021.094', 'ROHAYATI ', 'P', 'Tulungagung', '2007-12-28'),
('2021.095', 'ROHIT BUDI SETIAWAN ', 'L', 'Ponorogo', '2007-10-17'),
('2021.096', 'SAYFUL HUDA ', 'L', 'Kediri', '2008-05-29'),
('2021.097', 'SERLI PITRIYAH MAESAROH ', 'P', 'Kediri', '2008-07-04'),
('2021.098', 'SITI AISYAH ', 'P', 'Kediri', '2007-10-31'),
('2021.099', 'SITI MUNDIYAH ', 'P', 'Kediri', '2008-06-27'),
('2021.100', 'SYARIFUDIN ', 'L', 'Kediri', '2008-02-25'),
('2021.101', 'YOGA ADIPRASTYO ', 'L', 'Blitar', '2007-11-13'),
('2021.102', 'YOSI MADLIANA ', 'P', 'Blitar', '2007-06-22'),
('2021.103', 'ZAKIYAH ZAHROH ', 'P', 'Blitar', '2007-05-22'),
('2021.104', 'AAN DWI ANGGORO ', 'L', 'malang', '2007-09-04'),
('2021.105', 'ADI SUROTUL KHOLIK ', 'L', 'Surabaya', '2007-12-29'),
('2021.106', 'AHMAD RIDLLO WIDAYANTO ', 'L', 'Jakarta', '2008-06-04'),
('2021.107', 'ALIF NUR SYAFII ', 'L', 'Tulungagung', '2007-12-22'),
('2021.108', 'ANDHIKA TIRTA DERMAWAN ', 'L', 'Ponorogo', '2007-12-01'),
('2021.109', 'AULIA CINDY PRATIWI ', 'P', 'Kediri', '2007-05-26'),
('2021.110', 'DERMAWAN ARIEF WIBOWO ', 'L', 'Kediri', '2008-08-29'),
('2021.111', 'DESY ANGGUN PRIHANDINI ', 'P', 'Kediri', '2008-04-28'),
('2021.112', 'DIAN RARAS MIRTHA SYAFIRA ', 'P', 'Kediri', '2007-12-06'),
('2021.113', 'ELSA AMANDA ', 'P', 'Kediri', '2007-06-23'),
('2021.114', 'ERGIANA TRI CAHYANI ', 'P', 'Blitar', '2008-07-30'),
('2021.115', 'FAJAR ZAMHARI ', 'L', 'Blitar', '2008-04-03'),
('2021.116', 'HENI AGUSTINA ', 'P', 'Blitar', '2007-10-07'),
('2021.117', 'JANU FATHA SAPUTRA ', 'L', 'malang', '2007-09-28'),
('2021.118', 'KRISTINA MEYLINA MEAK ', 'P', 'Surabaya', '2007-10-25'),
('2021.119', 'MARSHA SILVINA HANINGTYAS ', 'P', 'Jakarta', '2007-08-16'),
('2021.120', 'MEY SUKMA ', 'P', 'Tulungagung', '2007-05-18'),
('2021.121', 'MUCHAMMAD HAIKAL MUNA ', 'L', 'Ponorogo', '2007-05-25'),
('2021.122', 'MUHAMMAD DICKY SETIAWAN ', 'L', 'Kediri', '2007-05-27'),
('2021.123', 'MUHAMMAD RIHADHATUL ?AIS ', 'L', 'Kediri', '2007-09-12'),
('2021.124', 'NOVIA FITRIANTI ', 'P', 'Kediri', '2008-03-31'),
('2021.125', 'NUR SIFAH NABILA ', 'P', 'Kediri', '2008-07-29'),
('2021.126', 'NURUL FADILA ', 'P', 'Kediri', '2008-07-22'),
('2021.127', 'RATRI NAWANGSARI ', 'P', 'Blitar', '2007-05-16'),
('2021.128', 'RIFKI HERMAWAN ', 'L', 'Blitar', '2008-04-24'),
('2021.129', 'RINA MUKMINATUL HUSNAH ', 'P', 'Blitar', '2008-04-27'),
('2021.130', 'SARIFUDIN HIDAYAT ', 'L', 'malang', '2008-08-03'),
('2021.131', 'SHIFA OKTA RAHMADANI ', 'P', 'Surabaya', '2008-05-11'),
('2021.132', 'UMI NUR AISAH ', 'P', 'Jakarta', '2008-08-13'),
('2021.133', 'USMAN AFFANDI ', 'L', 'Tulungagung', '2007-08-16'),
('2021.134', 'YUDHA ARYA FERDIYANTO ', 'L', 'Ponorogo', '2007-06-11'),
('2021.135', 'ZIDNI ILMAN NAFI?AH ', 'L', 'Kediri', '2008-02-16'),
('2021.136', 'HENI SUBEKTI', 'P', 'Kediri', '2007-07-25'),
('2021.137', 'AGENG PRIYAN HIDAYAT ', 'L', 'Kediri', '2007-07-01'),
('2021.138', 'AGUNG LEGOWO ', 'L', 'Kediri', '2007-12-17'),
('2021.139', 'AHMAD RAMADANI ', 'L', 'Kediri', '2008-07-25'),
('2021.140', 'AKHMAD ZULFIKRI ', 'L', 'Blitar', '2007-07-27'),
('2021.141', 'ALFIN NUR WAKHID ', 'L', 'Blitar', '2008-07-19'),
('2021.142', 'ASTIYANI AMANDA ', 'P', 'Blitar', '2008-06-18'),
('2021.143', 'AZELIA MAHARANI ', 'P', 'Blitar', '2007-06-22'),
('2021.144', 'AZIZAH DWI YULIANI ', 'P', 'Blitar', '2008-02-29');

-- --------------------------------------------------------

--
-- Table structure for table `user`
--

CREATE TABLE `user` (
  `id_user` int(11) NOT NULL,
  `username` varchar(10) NOT NULL,
  `password` varchar(255) NOT NULL,
  `level_user` varchar(5) NOT NULL
) ENGINE=InnoDB DEFAULT CHARSET=utf8mb4;

--
-- Dumping data for table `user`
--

INSERT INTO `user` (`id_user`, `username`, `password`, `level_user`) VALUES
(18, '2021.040', '$2y$10$REBWqx3D3zpm6KHzlaOSBeSftF60unegv5FngmplTpgZAnNeXdOdq', 'sis'),
(19, 'admin', '$2y$10$9hL0RmeHlKcBSN.I9v9AQeUvXTNCbqRHqIETmmpJBTmkCJaLzAT/6', 'su'),
(20, 'spt', '$2y$10$yOByp1L3FDhzpagzg20P..K61xd1i75TC0ftMQmLKBP3Gol2Es3mq', 'gp'),
(22, 'nen', '$2y$10$I2sT6LrjsOSgaVN4Rq1aAuT2ZG6wCmmXHFKc1k5Yk4R577m/en2HC', 'gp');

--
-- Indexes for dumped tables
--

--
-- Indexes for table `guru_ref`
--
ALTER TABLE `guru_ref`
  ADD PRIMARY KEY (`kd_guru`);

--
-- Indexes for table `level`
--
ALTER TABLE `level`
  ADD PRIMARY KEY (`id_level`);

--
-- Indexes for table `mapel_guru`
--
ALTER TABLE `mapel_guru`
  ADD PRIMARY KEY (`id_mp_guru`),
  ADD KEY `mapel` (`kd_mapel`),
  ADD KEY `guru` (`kd_guru`),
  ADD KEY `rombel` (`kd_rombel`);

--
-- Indexes for table `mapel_ref`
--
ALTER TABLE `mapel_ref`
  ADD PRIMARY KEY (`kd_mapel`);

--
-- Indexes for table `presensi`
--
ALTER TABLE `presensi`
  ADD PRIMARY KEY (`id`),
  ADD UNIQUE KEY `tanggal` (`tanggal`,`nis`,`id_mp_guru`),
  ADD KEY `mapel_guru` (`id_mp_guru`),
  ADD KEY `siswa` (`nis`),
  ADD KEY `presensi` (`kd_pres`);

--
-- Indexes for table `presensi_ref`
--
ALTER TABLE `presensi_ref`
  ADD PRIMARY KEY (`kd_pres`);

--
-- Indexes for table `rombel_ref`
--
ALTER TABLE `rombel_ref`
  ADD PRIMARY KEY (`kd_rombel`);

--
-- Indexes for table `rombel_siswa`
--
ALTER TABLE `rombel_siswa`
  ADD PRIMARY KEY (`id_rom_sis`),
  ADD KEY `rombel` (`kd_rombel`),
  ADD KEY `siswa` (`nis`);

--
-- Indexes for table `siswa_ref`
--
ALTER TABLE `siswa_ref`
  ADD PRIMARY KEY (`nis`);

--
-- Indexes for table `user`
--
ALTER TABLE `user`
  ADD PRIMARY KEY (`id_user`),
  ADD KEY `user_ibfk_2` (`level_user`);

--
-- AUTO_INCREMENT for dumped tables
--

--
-- AUTO_INCREMENT for table `mapel_guru`
--
ALTER TABLE `mapel_guru`
  MODIFY `id_mp_guru` smallint(6) NOT NULL AUTO_INCREMENT, AUTO_INCREMENT=217;

--
-- AUTO_INCREMENT for table `presensi`
--
ALTER TABLE `presensi`
  MODIFY `id` int(11) NOT NULL AUTO_INCREMENT, AUTO_INCREMENT=961;

--
-- AUTO_INCREMENT for table `rombel_siswa`
--
ALTER TABLE `rombel_siswa`
  MODIFY `id_rom_sis` int(11) NOT NULL AUTO_INCREMENT, AUTO_INCREMENT=1297;

--
-- AUTO_INCREMENT for table `user`
--
ALTER TABLE `user`
  MODIFY `id_user` int(11) NOT NULL AUTO_INCREMENT, AUTO_INCREMENT=23;

--
-- Constraints for dumped tables
--

--
-- Constraints for table `mapel_guru`
--
ALTER TABLE `mapel_guru`
  ADD CONSTRAINT `mapel_guru_ibfk_1` FOREIGN KEY (`kd_mapel`) REFERENCES `mapel_ref` (`kd_mapel`) ON UPDATE CASCADE,
  ADD CONSTRAINT `mapel_guru_ibfk_2` FOREIGN KEY (`kd_guru`) REFERENCES `guru_ref` (`kd_guru`) ON UPDATE CASCADE,
  ADD CONSTRAINT `mapel_guru_ibfk_3` FOREIGN KEY (`kd_rombel`) REFERENCES `rombel_siswa` (`kd_rombel`) ON UPDATE CASCADE;

--
-- Constraints for table `presensi`
--
ALTER TABLE `presensi`
  ADD CONSTRAINT `presensi_ibfk_1` FOREIGN KEY (`kd_pres`) REFERENCES `presensi_ref` (`kd_pres`) ON UPDATE CASCADE,
  ADD CONSTRAINT `presensi_ibfk_4` FOREIGN KEY (`nis`) REFERENCES `rombel_siswa` (`nis`) ON UPDATE CASCADE,
  ADD CONSTRAINT `presensi_ibfk_5` FOREIGN KEY (`id_mp_guru`) REFERENCES `mapel_guru` (`id_mp_guru`) ON UPDATE CASCADE;

--
-- Constraints for table `rombel_siswa`
--
ALTER TABLE `rombel_siswa`
  ADD CONSTRAINT `rombel_siswa_ibfk_1` FOREIGN KEY (`kd_rombel`) REFERENCES `rombel_ref` (`kd_rombel`) ON UPDATE CASCADE,
  ADD CONSTRAINT `rombel_siswa_ibfk_2` FOREIGN KEY (`nis`) REFERENCES `siswa_ref` (`nis`) ON UPDATE CASCADE;

--
-- Constraints for table `user`
--
ALTER TABLE `user`
  ADD CONSTRAINT `user_ibfk_2` FOREIGN KEY (`level_user`) REFERENCES `level` (`id_level`);
COMMIT;

/*!40101 SET CHARACTER_SET_CLIENT=@OLD_CHARACTER_SET_CLIENT */;
/*!40101 SET CHARACTER_SET_RESULTS=@OLD_CHARACTER_SET_RESULTS */;
/*!40101 SET COLLATION_CONNECTION=@OLD_COLLATION_CONNECTION */;
